field_id,date,temperature_max,temperature_min,temperature_mean,precipitation,wind_speed,solar_radiation,evapotranspiration,humidity,soil_temp_0_7,soil_temp_7_28,soil_temp_28_100,soil_moist_0_7,soil_moist_7_28,soil_moist_28_100
field_01,2025-05-01,26.1,14.2,20.2,0.2,24.6,23.27,6.05,44.5,18.22,15.95,11.62,0.2551,0.3131,0.3442
field_01,2025-05-02,26.2,13.1,18.4,7.9,26.8,18.29,4.13,68.75,18.23,15.28,12.25,0.2802,0.3113,0.3444
field_01,2025-05-03,25.9,12.1,19.0,0.0,12.3,24.53,5.06,47.25,17.11,14.87,12.03,0.2403,0.2944,0.3349
field_01,2025-05-04,29.8,14.0,21.5,0.0,25.2,24.96,6.43,32.917,17.29,15.2,12.67,0.1897,0.276,0.3295
field_01,2025-05-05,31.4,15.2,23.7,0.0,23.1,24.23,6.77,32.833,19.6,15.26,12.22,0.1401,0.2557,0.3223
field_01,2025-05-06,30.1,15.9,23.0,0.0,17.2,25.27,6.78,28.958,21.72,14.84,12.31,0.0947,0.237,0.3121
field_01,2025-05-07,33.5,15.7,24.3,0.0,31.7,25.58,7.77,23.042,21.53,14.09,11.71,0.0813,0.21,0.303
field_01,2025-05-08,35.9,17.1,26.2,0.0,20.6,25.14,6.8,22.958,21.97,13.89,11.93,0.0789,0.1929,0.2948
field_01,2025-05-09,32.4,18.9,25.4,0.0,25.2,21.01,7.25,31.083,23.86,15.87,11.89,0.084,0.1718,0.2855
field_01,2025-05-10,27.9,17.9,22.6,0.1,19.9,21.14,5.22,48.375,22.51,17.47,12.13,0.0778,0.1625,0.2816
field_01,2025-05-11,24.3,16.0,19.0,9.0,22.1,17.04,3.78,59.0,20.48,17.02,12.33,0.1185,0.1697,0.2797
field_01,2025-05-12,27.0,14.4,20.5,0.0,11.1,24.15,4.95,48.208,17.73,17.97,12.04,0.0832,0.1627,0.2754
field_01,2025-05-13,31.7,16.3,24.0,0.0,32.1,25.42,8.1,31.333,18.87,19.33,12.37,0.0794,0.1464,0.2697
field_01,2025-05-14,33.7,18.6,25.9,0.0,17.1,24.73,6.56,29.0,21.8,18.65,12.36,0.0794,0.1277,0.2655
field_01,2025-05-15,34.8,20.1,27.0,0.0,16.8,25.72,6.72,26.667,22.86,16.87,12.34,0.0764,0.1142,0.2558
field_01,2025-05-16,37.6,19.1,28.2,0.0,21.4,26.01,7.59,22.208,24.21,14.36,12.7,0.0798,0.0981,0.2488
field_01,2025-05-17,39.1,22.3,29.9,0.0,26.7,25.66,9.03,19.583,25.68,15.48,12.26,0.0786,0.0809,0.2405
field_01,2025-05-18,27.2,16.6,22.9,2.1,28.3,18.54,6.03,46.208,27.13,17.88,11.45,0.0824,0.0833,0.2309
field_01,2025-05-19,22.2,12.7,17.5,5.9,25.0,21.76,4.95,55.083,20.86,18.23,12.96,0.0911,0.0846,0.2333
field_01,2025-05-20,24.7,10.7,17.9,0.0,11.2,26.56,5.23,44.458,16.08,19.43,13.76,0.0797,0.0859,0.2332
field_01,2025-05-21,29.6,13.8,21.2,0.0,21.3,26.2,6.45,33.5,16.14,20.26,13.01,0.0806,0.0798,0.2231
field_01,2025-05-22,34.1,14.6,24.8,0.0,25.1,26.04,7.43,24.833,18.85,21.12,13.76,0.0824,0.0804,0.2163
field_01,2025-05-23,33.5,18.7,25.5,2.8,43.1,17.95,6.67,34.708,22.48,17.08,14.59,0.0832,0.0812,0.2154
field_01,2025-05-24,26.7,15.3,21.3,2.5,22.0,26.27,6.13,46.75,22.68,13.54,13.89,0.0758,0.0785,0.2085
field_01,2025-05-25,31.5,15.5,23.8,0.0,23.2,26.37,6.85,43.292,18.9,14.23,12.53,0.0843,0.0714,0.2102
field_01,2025-05-26,24.6,19.0,21.8,1.0,33.4,21.82,6.18,45.833,21.79,15.92,11.82,0.0825,0.0792,0.2009
field_01,2025-05-27,22.6,14.3,18.8,0.0,25.8,24.99,6.47,40.583,19.42,17.78,12.83,0.0863,0.0763,0.1991
field_01,2025-05-28,24.2,10.9,18.3,0.0,23.9,26.08,5.99,42.917,17.16,18.68,14.18,0.0819,0.0812,0.1929
field_01,2025-05-29,27.5,14.9,21.2,0.0,15.1,27.55,6.31,34.583,16.42,16.35,14.42,0.0791,0.08,0.1872
field_01,2025-05-30,26.9,14.8,21.6,0.0,29.7,24.98,7.29,33.458,19.29,17.52,14.79,0.0772,0.0843,0.1784
field_01,2025-05-31,25.3,18.1,21.3,0.0,19.5,13.35,5.74,27.375,19.36,15.92,15.33,0.0778,0.079,0.1683
field_01,2025-06-01,26.0,17.8,21.1,0.0,25.3,17.52,5.81,33.917,18.98,14.56,15.72,0.0846,0.0835,0.1587
field_01,2025-06-02,28.7,16.1,22.5,0.0,10.8,24.22,5.48,37.958,18.89,14.38,13.27,0.0811,0.0809,0.152
field_01,2025-06-03,31.3,16.4,23.5,0.0,17.5,23.47,5.88,31.667,19.92,15.84,11.91,0.0788,0.0817,0.1432
field_01,2025-06-04,32.6,17.6,25.6,0.0,15.6,24.0,7.1,29.25,20.69,16.94,11.4,0.0799,0.0763,0.1331
field_01,2025-06-05,34.8,19.6,27.2,0.0,20.1,25.88,7.05,28.208,22.96,15.79,12.33,0.0787,0.0875,0.1204
field_01,2025-06-06,37.1,19.8,28.8,0.0,23.5,26.52,7.63,25.583,24.8,16.09,13.93,0.0733,0.0794,0.111
field_01,2025-06-07,33.4,22.9,28.0,0.0,30.1,26.17,9.14,29.542,25.49,16.26,13.98,0.081,0.0785,0.0979
field_01,2025-06-08,31.2,19.6,24.2,0.4,22.5,15.56,4.67,55.708,25.32,16.82,12.6,0.0841,0.08,0.0881
field_01,2025-06-09,34.4,18.5,26.7,0.0,32.5,26.2,7.08,48.958,22.02,18.19,14.06,0.08,0.0816,0.0773
field_01,2025-06-10,33.7,22.0,27.6,0.1,22.3,16.51,5.41,41.792,24.21,19.39,12.61,0.0795,0.0812,0.0801
field_01,2025-06-11,34.4,18.8,27.2,0.0,24.0,25.48,7.14,42.375,24.83,20.49,11.92,0.0799,0.0831,0.0809
field_01,2025-06-12,34.7,22.6,28.6,0.0,14.6,26.63,7.09,32.875,24.12,19.8,11.55,0.0834,0.0817,0.0838
field_01,2025-06-13,29.3,22.7,26.0,0.0,17.8,15.66,4.97,43.167,25.2,17.35,12.46,0.0786,0.0834,0.0801
field_01,2025-06-14,28.7,19.7,24.6,0.0,16.0,12.36,3.63,56.875,23.23,20.08,12.24,0.0761,0.0769,0.0775
field_01,2025-06-15,32.9,20.2,26.4,0.0,17.7,23.34,6.22,46.458,21.93,19.87,12.57,0.0745,0.0802,0.0797
field_01,2025-06-16,33.6,21.4,27.8,0.0,18.7,25.94,7.32,38.0,24.19,19.64,13.34,0.0796,0.0758,0.0803
field_01,2025-06-17,36.1,20.2,28.3,0.0,16.6,27.25,7.45,30.792,24.4,20.43,12.65,0.0798,0.0784,0.08
field_01,2025-06-18,37.4,20.5,29.5,0.0,16.3,27.02,7.74,24.5,25.63,18.75,13.14,0.0782,0.0808,0.0828
field_01,2025-06-19,40.0,20.9,31.0,0.0,20.9,27.75,8.4,23.167,26.45,18.58,13.82,0.0819,0.0794,0.0751
field_01,2025-06-20,32.4,23.0,28.1,0.0,31.3,19.12,7.84,38.083,27.6,18.69,14.61,0.0816,0.0839,0.0801
field_01,2025-06-21,36.1,19.8,28.5,0.0,23.8,26.9,7.81,32.5,25.16,19.74,14.69,0.0827,0.0782,0.0785
field_01,2025-06-22,33.5,24.5,29.0,0.0,23.2,19.3,7.45,30.125,25.31,20.21,15.29,0.0878,0.0796,0.0828
field_01,2025-06-23,33.9,23.0,28.0,0.0,24.7,25.37,6.8,36.417,25.69,20.64,13.74,0.0771,0.0759,0.0826
field_01,2025-06-24,36.0,20.6,28.3,0.0,17.0,26.95,7.25,36.667,25.18,21.94,14.36,0.0798,0.081,0.0781
field_01,2025-06-25,38.0,23.8,30.2,0.0,24.3,25.05,8.4,30.5,25.03,20.0,14.41,0.0859,0.0769,0.0823
field_01,2025-06-26,34.7,23.5,28.4,0.4,28.4,19.47,7.24,34.792,26.88,19.91,15.32,0.0791,0.0805,0.0826
field_01,2025-06-27,30.2,20.2,25.4,0.0,19.9,26.0,7.08,37.0,24.95,20.81,15.15,0.0788,0.0782,0.075
field_01,2025-06-28,34.1,18.1,26.2,0.0,17.7,27.62,7.13,33.667,22.62,19.79,14.13,0.0825,0.0802,0.0823
field_01,2025-06-29,35.0,21.0,28.8,0.1,26.2,27.34,8.4,25.792,23.08,20.02,14.12,0.0808,0.0792,0.0762
field_01,2025-06-30,33.0,21.6,28.3,0.0,22.7,27.42,8.5,26.333,25.64,21.26,14.35,0.0823,0.0802,0.0777
field_01,2025-07-01,34.2,22.7,28.7,0.0,22.7,27.09,8.43,22.25,25.77,20.64,15.21,0.0776,0.0846,0.0792
field_01,2025-07-02,34.4,19.8,28.2,0.0,23.5,27.51,8.35,22.0,25.87,18.64,14.91,0.0797,0.0799,0.078
field_01,2025-07-03,36.4,20.7,29.5,0.0,16.5,27.8,8.2,18.958,25.29,18.8,15.84,0.0748,0.0806,0.0809
field_01,2025-07-04,36.8,23.0,30.3,0.0,18.7,27.63,8.38,20.375,26.13,19.89,16.0,0.0834,0.0789,0.0765
field_01,2025-07-05,37.3,22.7,29.6,0.0,19.6,18.89,7.13,25.667,26.82,20.34,15.15,0.0828,0.0743,0.0798
field_01,2025-07-06,34.2,21.8,28.4,0.2,26.9,27.46,8.57,31.417,26.49,20.7,15.52,0.0842,0.0799,0.0834
field_01,2025-07-07,33.3,20.4,27.3,0.0,21.3,17.42,6.51,23.833,25.8,20.12,15.37,0.0813,0.0776,0.0772
field_01,2025-07-08,35.6,21.5,28.7,0.0,17.5,26.7,7.82,22.958,24.31,21.06,15.39,0.0838,0.0777,0.0867
field_01,2025-07-09,34.9,21.7,28.3,0.0,24.9,20.57,7.29,27.375,25.7,21.02,15.15,0.0829,0.0822,0.0815
field_01,2025-07-10,29.7,18.0,23.4,5.5,29.2,16.05,4.81,48.292,25.82,21.15,15.7,0.0855,0.0803,0.0828
field_01,2025-07-11,28.5,16.8,23.1,0.0,22.3,24.19,6.02,47.375,21.06,20.14,15.0,0.0795,0.0766,0.0792
field_01,2025-07-12,32.2,17.2,24.9,0.0,14.8,27.21,6.38,34.583,20.51,19.45,14.32,0.0822,0.0799,0.0863
field_01,2025-07-13,36.1,20.3,27.6,0.0,26.1,27.15,7.88,29.583,21.94,20.31,14.84,0.0765,0.0815,0.0835
field_01,2025-07-14,37.3,21.6,29.3,0.0,17.2,20.3,6.81,28.083,24.33,19.91,15.33,0.0777,0.0827,0.0783
field_01,2025-07-15,38.3,22.2,31.2,0.0,14.4,25.09,7.18,29.333,26.54,17.62,15.42,0.0774,0.0764,0.0809
field_01,2025-07-16,37.3,24.5,30.7,0.0,15.4,19.34,5.81,30.292,27.5,16.84,14.56,0.081,0.0783,0.0798
field_01,2025-07-17,38.8,24.9,31.1,0.0,21.7,26.13,8.15,29.708,27.59,18.06,15.37,0.0836,0.0853,0.0821
field_01,2025-07-18,39.9,23.1,31.5,0.0,17.1,26.61,8.06,27.958,27.66,19.45,15.15,0.0798,0.0786,0.0854
field_01,2025-07-19,40.4,25.3,32.9,0.0,17.6,25.13,7.89,24.292,27.54,20.6,15.77,0.0757,0.0815,0.0829
field_01,2025-07-20,40.0,25.6,33.3,0.0,14.9,25.05,7.4,23.042,28.85,22.2,15.66,0.0792,0.0815,0.0801
field_01,2025-07-21,38.2,24.3,31.1,0.0,25.8,26.05,8.61,24.375,29.73,21.36,14.94,0.0783,0.0781,0.0883
field_01,2025-07-22,37.4,23.5,30.5,0.0,15.1,26.67,8.4,16.542,27.8,21.58,14.69,0.0794,0.0782,0.0793
field_01,2025-07-23,36.8,22.2,29.8,0.0,15.1,26.72,7.55,18.958,26.95,22.06,15.16,0.0802,0.0777,0.0817
field_01,2025-07-24,37.2,23.8,30.5,0.0,19.1,26.37,9.05,17.625,26.61,23.08,14.95,0.081,0.0832,0.081
field_01,2025-07-25,39.8,23.2,31.3,0.0,13.2,26.18,7.15,17.583,27.19,23.4,13.07,0.0821,0.0754,0.077
field_01,2025-07-26,40.1,25.0,32.9,0.0,14.9,25.44,7.29,17.625,27.51,21.48,13.31,0.0863,0.0803,0.0751
field_01,2025-07-27,41.0,25.2,33.3,0.0,40.1,24.9,8.79,18.125,28.88,21.19,13.68,0.0759,0.0789,0.0815
field_01,2025-07-28,34.6,25.5,29.5,0.1,23.1,21.63,7.46,33.125,30.06,21.18,15.05,0.0796,0.0806,0.0804
field_01,2025-07-29,35.8,22.8,29.8,0.0,23.2,23.52,7.06,33.042,26.25,21.87,15.37,0.0826,0.0742,0.0816
field_01,2025-07-30,32.9,23.1,28.4,0.0,27.7,21.69,7.59,31.917,26.48,22.56,15.93,0.0787,0.0778,0.0795
field_01,2025-07-31,31.2,21.0,25.4,0.6,18.7,19.99,5.63,42.833,25.11,22.9,16.06,0.0802,0.0781,0.0848
field_01,2025-08-01,35.0,20.6,27.5,0.0,21.8,22.68,6.85,35.333,22.64,23.06,16.42,0.078,0.0818,0.0781
field_01,2025-08-02,30.0,19.4,24.6,0.3,24.2,21.69,6.03,46.375,24.55,20.64,16.58,0.0783,0.0802,0.0822
field_01,2025-08-03,31.0,18.2,25.9,0.0,25.9,23.17,6.63,37.792,22.42,21.57,16.46,0.0857,0.0803,0.0796
field_01,2025-08-04,31.7,19.0,25.7,0.0,21.7,21.55,6.25,38.958,23.25,20.25,16.97,0.0813,0.0826,0.081
field_01,2025-08-05,30.3,19.6,25.4,1.8,20.4,21.69,6.24,38.333,23.58,18.3,16.74,0.0769,0.0775,0.0779
field_01,2025-08-06,31.2,17.9,25.0,0.0,14.7,24.79,6.37,31.75,23.29,19.92,15.76,0.0813,0.082,0.0763
field_01,2025-08-07,34.8,18.7,26.6,0.0,21.2,22.48,6.59,31.542,22.37,17.92,15.33,0.0831,0.0788,0.079
field_01,2025-08-08,33.5,20.8,27.0,0.0,18.8,22.09,6.25,32.042,23.87,18.56,15.52,0.0773,0.0792,0.0763
field_01,2025-08-09,36.7,19.3,27.8,0.0,20.9,24.19,6.99,29.0,24.17,18.63,16.1,0.0778,0.0798,0.083
field_01,2025-08-10,36.6,22.9,30.1,0.0,22.7,23.85,7.79,23.542,24.65,18.18,16.51,0.0824,0.0816,0.085
field_01,2025-08-11,35.4,24.0,29.7,0.0,18.7,23.67,8.02,27.958,26.76,18.32,16.72,0.0782,0.0793,0.0773
field_01,2025-08-12,37.5,23.1,30.6,0.0,23.9,22.82,7.51,29.125,26.81,19.15,15.36,0.0807,0.0762,0.0753
field_01,2025-08-13,36.0,24.2,30.3,0.0,19.3,23.45,8.74,23.333,27.29,18.93,15.49,0.0835,0.077,0.0805
field_01,2025-08-14,33.9,23.3,29.2,0.0,19.2,20.32,6.86,26.833,26.67,20.1,15.09,0.0805,0.0847,0.0717
field_01,2025-08-15,30.6,21.3,26.4,0.0,26.0,21.46,6.44,33.958,26.12,21.42,14.5,0.0726,0.0845,0.0789
field_01,2025-08-16,33.8,19.2,26.7,0.4,29.7,22.73,7.23,34.708,23.85,21.05,14.89,0.0829,0.0822,0.0812
field_01,2025-08-17,31.6,21.1,26.2,0.1,30.1,19.7,5.83,36.542,24.11,21.72,13.58,0.0775,0.0796,0.0775
field_01,2025-08-18,27.7,17.9,22.7,4.0,25.7,14.84,4.12,46.75,24.11,21.4,13.81,0.0788,0.0809,0.0778
field_01,2025-08-19,29.7,16.4,22.3,0.0,19.6,22.61,5.41,45.083,20.82,20.46,14.37,0.0844,0.0821,0.0822
field_01,2025-08-20,31.6,16.9,23.8,0.0,24.1,22.76,6.03,38.375,19.99,19.75,14.4,0.0802,0.0827,0.0847
field_01,2025-08-21,32.2,18.6,25.6,0.7,17.6,20.94,5.74,32.5,21.89,19.43,13.5,0.0788,0.0799,0.0807
field_01,2025-08-22,33.5,18.8,25.2,0.0,22.3,22.44,6.28,34.5,22.67,18.87,14.68,0.0803,0.0822,0.076
field_01,2025-08-23,33.9,19.2,26.0,0.1,34.7,21.36,6.82,29.417,22.56,16.67,14.07,0.0762,0.0785,0.0845
field_01,2025-08-24,30.2,19.4,24.5,0.0,23.2,19.8,7.01,35.667,22.58,16.48,15.3,0.0725,0.0763,0.0808
field_01,2025-08-25,31.0,18.6,24.7,0.0,17.6,22.35,6.34,29.917,22.72,17.39,15.7,0.0795,0.0769,0.0762
field_01,2025-08-26,32.3,17.8,25.0,0.0,17.2,21.98,5.91,31.417,22.1,18.17,15.46,0.0819,0.073,0.0824
field_01,2025-08-27,31.8,18.9,25.5,0.0,13.6,22.01,6.22,30.0,21.71,18.42,15.42,0.082,0.0818,0.0829
field_01,2025-08-28,31.9,17.0,25.3,0.0,15.8,21.96,5.83,29.792,23.06,18.52,15.15,0.0852,0.0795,0.0809
field_01,2025-08-29,33.0,19.1,26.0,0.0,13.8,21.9,5.68,27.375,22.66,18.15,15.44,0.0741,0.0801,0.0843
field_01,2025-08-30,35.7,19.4,27.5,0.0,25.5,21.36,7.12,25.042,23.14,18.31,14.34,0.0789,0.0817,0.0784
field_01,2025-08-31,25.2,14.7,20.5,0.0,31.5,21.15,6.95,26.583,24.78,18.03,14.7,0.0845,0.0766,0.0791
field_01,2025-09-01,27.4,12.4,19.4,0.0,13.7,21.41,5.11,28.0,19.19,18.35,13.85,0.0802,0.0753,0.0747
field_01,2025-09-02,27.5,14.4,21.1,0.0,25.2,21.1,5.83,32.75,17.24,18.5,13.87,0.0829,0.0803,0.08
field_01,2025-09-03,24.6,14.7,19.4,0.0,24.1,21.25,6.72,31.292,18.59,18.52,12.77,0.0772,0.0782,0.0803
field_01,2025-09-04,28.0,12.2,20.4,0.0,28.7,21.02,6.19,26.583,18.02,19.9,13.45,0.0803,0.0808,0.0792
field_01,2025-09-05,32.1,15.6,23.4,0.0,18.0,20.84,6.48,22.708,18.78,15.02,14.41,0.0812,0.0766,0.0845
field_01,2025-09-06,33.4,16.9,24.9,0.0,14.4,18.44,5.2,25.25,21.1,14.79,14.21,0.0868,0.0743,0.0755
field_01,2025-09-07,35.6,18.7,26.6,0.0,20.1,19.81,5.87,22.542,22.11,16.07,14.14,0.0788,0.0792,0.0773
field_01,2025-09-08,32.7,18.5,25.6,2.6,27.5,19.21,5.82,33.542,24.27,14.76,14.41,0.0861,0.0841,0.0824
field_01,2025-09-09,27.3,15.6,21.8,0.0,17.0,17.11,4.25,52.0,22.97,15.85,13.38,0.0806,0.0812,0.0811
field_01,2025-09-10,27.7,16.9,22.1,0.5,14.4,18.89,4.63,43.958,19.81,17.45,14.49,0.0762,0.0778,0.0799
field_01,2025-09-11,25.8,15.4,20.1,0.6,18.4,18.0,4.26,52.625,19.58,18.39,14.19,0.0797,0.0862,0.0788
field_01,2025-09-12,28.0,14.4,21.0,0.0,19.3,19.01,4.44,41.958,18.04,18.55,13.82,0.0826,0.0753,0.0757
field_01,2025-09-13,28.0,15.3,21.3,0.9,28.2,18.69,5.21,41.625,18.76,18.69,14.34,0.0782,0.0788,0.0764
field_01,2025-09-14,24.3,15.3,19.5,0.0,21.5,18.53,5.59,40.167,19.25,16.06,14.6,0.0775,0.0853,0.0756
field_01,2025-09-15,26.9,12.3,19.4,0.0,13.4,18.35,3.96,42.375,17.79,16.54,12.21,0.076,0.0783,0.0756
field_01,2025-09-16,24.8,14.4,19.2,2.3,24.1,13.77,3.82,51.958,17.38,15.02,12.61,0.0739,0.0772,0.0744
field_01,2025-09-17,23.7,13.1,18.1,2.2,13.5,16.56,3.35,67.5,17.18,15.22,12.2,0.0788,0.0834,0.0833
field_01,2025-09-18,18.0,12.9,15.4,5.5,18.5,9.09,2.08,69.375,16.99,16.03,11.82,0.1025,0.0876,0.0867
field_01,2025-09-19,23.1,10.9,16.0,0.0,18.8,17.55,3.7,57.792,14.1,14.61,12.48,0.0757,0.0802,0.0843
field_01,2025-09-20,22.5,8.4,15.1,0.0,20.4,17.26,3.63,57.417,14.58,15.27,12.7,0.0847,0.0749,0.0812
field_01,2025-09-21,22.6,8.1,15.3,0.0,20.7,18.03,4.32,51.625,13.53,14.71,13.78,0.0837,0.0786,0.0798
field_01,2025-09-22,26.6,12.6,18.8,0.0,28.7,15.11,5.06,37.5,13.63,13.89,14.44,0.0852,0.0809,0.0822
field_01,2025-09-23,20.3,13.0,16.6,11.7,29.3,6.87,2.48,64.25,16.65,13.0,14.59,0.1475,0.0958,0.087
field_01,2025-09-24,19.1,10.2,14.4,0.3,27.5,16.27,3.52,56.667,15.72,12.9,12.61,0.1212,0.0855,0.0819
field_01,2025-09-25,22.3,9.9,15.4,0.0,36.5,17.24,4.78,49.0,13.19,12.6,13.17,0.0892,0.0773,0.0755
field_01,2025-09-26,25.7,11.9,17.9,0.1,17.5,15.16,3.72,40.625,14.23,12.42,12.13,0.0789,0.0845,0.0799
field_01,2025-09-27,27.0,11.9,19.1,0.0,9.9,16.21,3.43,47.917,16.61,15.16,12.1,0.0837,0.0803,0.0805
field_01,2025-09-28,27.5,13.6,19.9,0.0,20.8,16.33,4.22,41.792,17.33,13.65,12.95,0.0792,0.088,0.0803
field_01,2025-09-29,28.3,14.7,20.6,0.0,25.2,15.74,3.55,41.583,18.47,12.13,11.94,0.0789,0.0814,0.0768
field_01,2025-09-30,24.7,14.1,18.7,0.6,30.7,12.91,3.41,51.083,18.93,12.58,12.32,0.0833,0.0788,0.0728
field_02,2025-05-01,24.6,14.1,19.4,0.0,23.6,23.31,5.42,49.458,17.58,14.94,12.31,0.2622,0.3056,0.3478
field_02,2025-05-02,24.9,13.2,18.1,11.1,22.5,17.88,3.73,71.583,18.1,14.91,11.8,0.3084,0.3136,0.3531
field_02,2025-05-03,24.3,12.3,18.3,0.0,9.4,24.27,4.62,51.417,16.71,15.32,12.5,0.2699,0.3014,0.3433
field_02,2025-05-04,27.8,12.4,19.9,0.0,17.3,25.06,5.31,43.083,17.04,14.73,11.73,0.2273,0.2889,0.3371
field_02,2025-05-05,29.7,15.3,22.8,0.0,21.9,24.15,6.26,37.458,18.04,14.87,12.16,0.1905,0.2681,0.3334
field_02,2025-05-06,27.9,15.2,21.7,0.0,14.6,25.28,6.02,35.833,20.2,14.96,12.27,0.1497,0.2531,0.3267
field_02,2025-05-07,31.6,14.9,23.1,0.0,24.0,25.59,6.28,31.25,19.71,14.12,12.39,0.1078,0.2364,0.3162
field_02,2025-05-08,33.6,17.1,24.9,0.0,14.8,25.12,5.86,32.458,20.59,14.5,11.87,0.0839,0.2181,0.3107
field_02,2025-05-09,30.7,19.0,24.5,0.0,23.8,20.73,6.33,37.375,22.51,15.17,12.12,0.0812,0.2024,0.3067
field_02,2025-05-10,26.8,17.5,21.7,0.4,15.3,21.03,4.73,51.292,21.96,16.96,11.94,0.0819,0.1879,0.2979
field_02,2025-05-11,24.0,15.5,18.9,23.5,19.2,17.36,3.86,58.875,20.0,16.34,11.96,0.2231,0.227,0.3177
field_02,2025-05-12,25.4,14.0,19.4,0.0,8.8,24.47,4.67,55.0,17.47,17.22,12.23,0.1894,0.212,0.311
field_02,2025-05-13,29.9,15.1,22.5,0.0,30.8,25.5,6.82,36.375,17.79,17.92,12.13,0.1427,0.1913,0.3083
field_02,2025-05-14,31.2,17.6,24.3,0.0,11.1,24.66,5.68,36.958,20.61,17.64,11.43,0.1006,0.1758,0.3001
field_02,2025-05-15,32.4,19.1,25.7,0.0,14.2,25.78,6.56,34.417,21.59,16.14,11.62,0.0849,0.1538,0.2893
field_02,2025-05-16,35.0,18.9,26.8,0.0,19.1,26.12,6.75,30.417,23.28,14.4,12.38,0.0799,0.1338,0.2805
field_02,2025-05-17,36.3,20.3,28.3,0.0,19.9,25.72,7.38,26.0,23.97,14.41,11.53,0.0767,0.1144,0.2719
field_02,2025-05-18,26.2,16.5,22.6,8.5,24.5,17.17,5.51,45.25,25.72,16.68,11.44,0.0955,0.1199,0.2681
field_02,2025-05-19,21.4,12.8,17.0,8.3,20.6,20.09,4.34,59.125,20.3,17.83,12.52,0.1269,0.1262,0.2731
field_02,2025-05-20,23.0,11.6,17.4,0.0,8.6,26.59,4.93,49.458,15.28,18.74,13.2,0.0887,0.108,0.2647
field_02,2025-05-21,27.8,12.6,20.1,0.0,15.3,26.21,5.68,41.667,15.93,19.51,12.86,0.0754,0.0872,0.2612
field_02,2025-05-22,32.3,15.4,23.7,0.0,19.4,26.06,6.37,33.083,17.97,19.95,13.34,0.0855,0.0749,0.253
field_02,2025-05-23,32.2,19.0,25.4,0.4,33.1,18.39,6.2,37.083,21.34,16.63,13.36,0.0814,0.081,0.246
field_02,2025-05-24,25.2,15.2,20.4,1.6,18.2,26.46,5.46,49.875,22.21,13.07,13.6,0.0806,0.0756,0.2385
field_02,2025-05-25,30.0,15.1,22.8,0.0,13.8,26.32,5.88,47.25,18.2,13.67,13.06,0.088,0.0767,0.2238
field_02,2025-05-26,24.2,18.7,21.8,0.3,33.0,22.42,6.43,44.083,20.51,15.05,11.78,0.085,0.0798,0.2134
field_02,2025-05-27,21.9,14.2,18.4,0.0,24.8,24.96,5.84,43.333,20.22,17.46,12.1,0.0751,0.0796,0.2036
field_02,2025-05-28,23.2,10.6,17.5,0.0,21.5,26.12,5.46,46.958,17.52,18.2,13.5,0.0808,0.0755,0.2036
field_02,2025-05-29,25.9,13.8,20.2,0.0,12.0,27.56,5.76,40.917,15.85,15.63,13.49,0.0757,0.0812,0.192
field_02,2025-05-30,25.4,14.1,20.7,0.0,27.7,24.76,6.6,38.25,18.72,17.4,14.14,0.0799,0.0808,0.1846
field_02,2025-05-31,24.8,18.0,20.7,0.0,15.3,16.15,5.37,32.0,19.02,16.03,14.84,0.0775,0.0754,0.1749
field_02,2025-06-01,24.4,17.4,20.2,0.0,21.6,16.44,4.94,40.083,18.93,14.43,15.01,0.0745,0.0822,0.1692
field_02,2025-06-02,26.9,15.9,21.5,0.0,10.6,25.0,5.29,39.917,18.51,13.66,13.06,0.0763,0.0846,0.1597
field_02,2025-06-03,29.9,16.5,23.1,0.0,12.2,24.31,5.75,32.667,19.27,15.34,11.2,0.0778,0.0818,0.1517
field_02,2025-06-04,31.2,17.9,24.9,0.0,13.6,23.89,6.03,31.375,21.47,15.61,11.33,0.0794,0.079,0.1452
field_02,2025-06-05,33.3,19.5,26.3,0.0,16.1,26.08,6.39,29.667,22.99,15.29,12.73,0.0773,0.0845,0.1385
field_02,2025-06-06,35.8,20.0,27.8,0.0,19.6,26.73,6.99,28.208,23.63,15.4,14.13,0.0735,0.0761,0.1267
field_02,2025-06-07,32.5,22.4,27.3,0.0,25.8,26.23,7.88,31.917,24.71,16.36,14.01,0.0775,0.0784,0.1166
field_02,2025-06-08,29.2,19.4,23.7,0.3,19.0,15.49,4.29,58.667,24.71,17.52,12.02,0.0799,0.0808,0.1133
field_02,2025-06-09,34.0,18.2,26.3,0.0,27.4,26.2,6.49,52.917,21.3,18.08,13.07,0.0825,0.0828,0.1101
field_02,2025-06-10,32.9,21.3,27.0,0.1,24.4,15.83,5.11,42.958,23.54,18.57,13.01,0.0833,0.0839,0.1014
field_02,2025-06-11,32.5,19.6,26.5,0.0,20.3,25.26,6.73,42.917,24.06,19.85,11.96,0.0774,0.08,0.0963
field_02,2025-06-12,33.3,22.8,27.7,0.0,14.3,26.49,6.77,36.458,23.86,19.97,11.34,0.0823,0.0785,0.0904
field_02,2025-06-13,28.3,21.8,24.9,0.0,18.0,16.29,4.65,46.125,24.82,17.06,11.91,0.0748,0.0783,0.0853
field_02,2025-06-14,27.6,20.2,24.1,0.0,9.6,12.28,3.06,58.958,22.4,19.16,12.51,0.0774,0.077,0.076
field_02,2025-06-15,31.7,20.6,25.9,0.0,13.8,22.99,5.43,46.833,22.01,19.31,12.47,0.0846,0.0755,0.081
field_02,2025-06-16,33.0,20.4,27.1,0.4,15.9,25.47,6.84,34.625,22.97,19.0,12.58,0.0767,0.08,0.0744
field_02,2025-06-17,34.5,20.6,27.8,0.0,11.5,27.29,6.99,31.75,24.14,20.1,12.61,0.083,0.0832,0.084
field_02,2025-06-18,35.8,21.1,28.9,0.0,13.9,26.9,7.42,26.375,24.68,18.58,12.82,0.0803,0.0801,0.0806
field_02,2025-06-19,38.6,23.0,30.6,0.0,20.0,27.79,7.85,24.208,25.2,17.26,13.84,0.0781,0.0754,0.0819
field_02,2025-06-20,31.5,22.3,27.4,0.0,29.4,18.94,7.25,39.292,27.05,18.53,14.14,0.0809,0.0771,0.0825
field_02,2025-06-21,35.0,21.3,28.2,0.0,20.8,26.64,7.23,32.542,24.82,19.53,14.64,0.0845,0.0786,0.0779
field_02,2025-06-22,33.0,23.4,28.4,0.0,24.3,20.51,6.67,32.917,25.18,19.52,15.01,0.0807,0.0865,0.0744
field_02,2025-06-23,33.0,22.5,27.6,0.1,22.6,25.37,6.49,38.375,25.57,20.58,12.8,0.0803,0.0822,0.0778
field_02,2025-06-24,34.7,20.0,27.7,0.0,13.0,26.86,6.58,36.792,24.41,21.44,14.51,0.0768,0.0808,0.0822
field_02,2025-06-25,36.6,22.5,29.1,0.0,24.9,25.04,7.2,34.5,24.27,19.63,14.32,0.0819,0.0804,0.0811
field_02,2025-06-26,33.8,23.0,27.8,0.0,23.3,19.89,6.3,35.708,25.4,19.6,14.79,0.0788,0.0788,0.0803
field_02,2025-06-27,29.5,20.4,25.0,0.2,16.9,26.04,6.43,39.0,24.77,20.82,14.52,0.0845,0.079,0.0756
field_02,2025-06-28,32.6,19.2,25.6,0.0,12.3,27.65,6.5,35.625,22.13,19.91,13.78,0.0781,0.0767,0.0797
field_02,2025-06-29,33.6,21.2,28.1,0.0,21.7,27.59,7.84,28.375,23.23,19.62,13.59,0.0774,0.084,0.0789
field_02,2025-06-30,32.7,21.3,27.6,0.0,19.0,27.45,7.77,28.375,24.95,20.57,14.23,0.0798,0.0787,0.0848
field_02,2025-07-01,33.2,22.1,27.9,0.0,18.3,26.98,7.69,24.542,24.17,20.08,14.34,0.0744,0.0812,0.0776
field_02,2025-07-02,33.7,19.7,27.8,0.0,21.5,27.64,8.01,23.667,25.09,18.49,14.41,0.0815,0.0827,0.0808
field_02,2025-07-03,35.3,20.8,28.9,0.0,12.5,27.84,7.77,20.917,24.76,18.28,15.63,0.0839,0.0815,0.0819
field_02,2025-07-04,35.9,23.8,29.9,0.0,18.5,27.67,8.34,21.833,25.87,19.94,15.71,0.0841,0.0792,0.0837
field_02,2025-07-05,36.7,24.1,29.5,0.0,21.3,20.22,6.51,26.208,26.54,19.9,14.75,0.084,0.0793,0.0765
field_02,2025-07-06,33.9,21.3,28.1,0.9,24.8,27.41,8.11,31.542,26.49,19.97,15.37,0.0874,0.0833,0.076
field_02,2025-07-07,32.2,21.8,27.2,0.0,19.2,17.12,6.38,24.208,24.93,19.75,15.01,0.079,0.0783,0.0835
field_02,2025-07-08,34.7,21.9,28.6,0.0,17.5,26.63,7.37,22.208,24.55,20.74,15.06,0.0817,0.0802,0.0786
field_02,2025-07-09,33.8,21.5,27.9,0.0,20.8,20.3,6.41,27.417,24.83,21.44,14.9,0.0784,0.0778,0.0779
field_02,2025-07-10,28.8,18.5,23.3,3.1,25.6,15.24,4.56,46.625,24.8,20.74,15.29,0.0841,0.0768,0.0788
field_02,2025-07-11,28.6,18.2,23.1,0.0,20.8,24.34,5.76,43.417,21.61,20.21,15.22,0.0757,0.0778,0.0783
field_02,2025-07-12,31.7,18.2,24.8,0.0,12.6,27.26,6.21,34.125,20.72,19.68,14.28,0.0814,0.0775,0.0803
field_02,2025-07-13,35.1,19.5,27.2,0.0,19.8,27.26,7.04,29.208,22.49,20.46,14.32,0.0795,0.0795,0.0862
field_02,2025-07-14,36.0,22.0,29.1,0.0,17.3,20.22,6.41,27.625,24.16,20.04,15.11,0.0772,0.079,0.0814
field_02,2025-07-15,37.4,22.5,30.5,0.0,14.1,24.83,6.6,30.333,25.43,17.09,14.47,0.0793,0.0799,0.0834
field_02,2025-07-16,35.7,24.1,30.0,0.0,12.6,19.16,5.08,29.958,26.98,17.09,14.64,0.0764,0.084,0.0759
field_02,2025-07-17,37.8,24.5,30.6,0.0,18.5,26.04,7.52,29.917,26.43,17.99,14.96,0.0843,0.0809,0.0827
field_02,2025-07-18,39.1,23.9,31.1,0.0,12.8,26.65,7.42,27.0,27.16,19.4,15.41,0.0841,0.0802,0.0769
field_02,2025-07-19,39.0,25.2,32.3,0.0,15.5,24.75,7.06,23.5,27.66,20.08,15.69,0.0811,0.0808,0.0768
field_02,2025-07-20,39.2,25.4,33.0,0.0,16.6,24.63,7.39,23.625,29.27,22.04,15.76,0.0802,0.0771,0.0808
field_02,2025-07-21,37.3,24.4,30.8,0.0,22.6,26.1,8.45,24.292,29.49,21.63,15.05,0.0821,0.0768,0.0719
field_02,2025-07-22,36.7,24.4,30.5,0.0,14.6,26.73,8.27,17.5,27.58,22.03,15.16,0.0813,0.0833,0.0864
field_02,2025-07-23,36.3,22.7,29.5,0.0,13.1,26.75,7.21,20.375,27.23,21.83,15.18,0.0808,0.083,0.0803
field_02,2025-07-24,36.6,24.1,30.7,0.0,18.6,26.41,8.69,18.125,26.13,22.74,14.87,0.0772,0.0836,0.076
field_02,2025-07-25,38.6,23.7,30.9,0.0,11.0,26.23,7.27,18.125,26.8,22.91,13.25,0.0759,0.0807,0.0809
field_02,2025-07-26,38.9,25.1,32.4,0.0,10.3,25.3,7.05,18.667,27.25,21.41,13.2,0.0777,0.0819,0.0809
field_02,2025-07-27,39.7,25.5,32.9,0.0,33.9,24.41,8.47,18.292,29.03,21.6,13.98,0.0776,0.0767,0.0793
field_02,2025-07-28,34.0,25.2,29.2,0.0,21.1,21.36,6.87,33.125,29.65,20.92,14.58,0.0786,0.0811,0.0778
field_02,2025-07-29,34.7,23.2,29.3,0.0,21.3,23.29,6.58,33.958,26.21,21.94,15.57,0.0761,0.0759,0.0805
field_02,2025-07-30,32.7,23.2,28.3,0.2,27.1,21.4,7.36,31.625,26.31,21.79,15.5,0.0855,0.0759,0.0809
field_02,2025-07-31,31.0,21.0,25.3,0.1,25.6,20.04,5.54,40.542,25.13,22.29,15.99,0.0757,0.0838,0.0802
field_02,2025-08-01,35.1,21.1,27.4,0.0,21.0,22.11,6.16,33.5,22.62,23.11,15.78,0.0791,0.0774,0.0768
field_02,2025-08-02,30.2,18.9,24.7,1.0,24.7,21.75,6.21,44.25,24.72,20.37,16.08,0.076,0.0767,0.0729
field_02,2025-08-03,31.7,19.1,26.0,0.3,21.9,22.98,6.37,36.958,22.57,20.37,16.63,0.0776,0.0792,0.0768
field_02,2025-08-04,31.7,19.8,25.7,0.8,17.6,20.88,5.7,37.042,22.94,20.35,16.79,0.0737,0.0811,0.0848
field_02,2025-08-05,30.7,20.9,25.8,0.3,18.2,21.46,6.25,36.0,23.06,18.67,16.3,0.0784,0.0785,0.0766
field_02,2025-08-06,31.2,18.6,24.7,0.0,14.7,24.77,6.03,32.292,23.24,19.55,15.89,0.0799,0.0825,0.0842
field_02,2025-08-07,33.6,20.2,26.6,0.0,18.2,21.88,6.15,30.583,21.88,17.84,15.59,0.082,0.0782,0.0803
field_02,2025-08-08,33.6,22.3,27.4,0.0,17.8,22.01,6.41,30.375,24.1,18.7,15.62,0.0781,0.0795,0.0817
field_02,2025-08-09,36.2,20.7,28.5,0.0,19.0,24.26,6.95,27.125,23.8,17.94,16.31,0.0803,0.0784,0.0802
field_02,2025-08-10,36.4,23.4,30.3,0.0,22.7,23.94,7.92,21.542,25.54,18.62,16.78,0.084,0.0772,0.0807
field_02,2025-08-11,34.9,24.0,29.5,0.0,16.2,23.73,7.28,28.083,26.64,18.68,16.5,0.0803,0.0809,0.0853
field_02,2025-08-12,37.2,23.0,30.7,0.0,20.2,22.81,7.6,28.458,25.83,19.07,15.13,0.0774,0.0792,0.0728
field_02,2025-08-13,35.5,23.7,29.8,0.0,17.5,23.55,7.96,24.0,27.14,19.49,16.09,0.0805,0.0817,0.0744
field_02,2025-08-14,34.2,24.4,29.5,0.0,18.3,21.23,6.91,27.125,26.26,20.34,14.82,0.0778,0.0819,0.0793
field_02,2025-08-15,30.4,22.2,26.5,0.0,20.8,21.52,5.98,31.583,25.77,21.28,14.16,0.0828,0.0772,0.0766
field_02,2025-08-16,33.9,20.0,26.8,0.0,24.4,22.7,6.58,31.083,23.61,20.79,14.88,0.0794,0.0778,0.0815
field_02,2025-08-17,31.0,20.7,25.7,0.6,25.4,19.94,5.36,37.625,23.45,21.57,13.83,0.0809,0.0832,0.0851
field_02,2025-08-18,27.9,18.8,22.9,1.0,26.3,14.03,4.06,43.417,23.02,21.42,14.86,0.0774,0.0803,0.0833
field_02,2025-08-19,29.2,17.2,22.4,0.0,13.9,22.69,5.16,41.375,20.79,21.11,14.47,0.0769,0.0829,0.0799
field_02,2025-08-20,31.0,17.6,23.9,0.0,18.9,22.78,5.71,36.958,20.15,19.32,14.27,0.0858,0.0756,0.0761
field_02,2025-08-21,31.9,19.7,26.0,0.0,20.7,20.2,5.76,28.667,21.18,19.22,14.21,0.08,0.0793,0.0828
field_02,2025-08-22,33.4,19.1,25.5,0.0,20.0,22.36,5.88,31.542,23.09,18.5,14.28,0.0776,0.0776,0.0821
field_02,2025-08-23,33.3,20.5,26.1,0.1,27.5,21.26,6.25,27.375,22.91,16.97,14.29,0.0733,0.0831,0.0801
field_02,2025-08-24,29.9,19.7,24.7,0.0,20.6,19.47,6.6,33.292,23.49,16.46,14.59,0.0812,0.0771,0.0742
field_02,2025-08-25,30.9,19.2,24.9,0.0,14.6,22.4,6.21,29.25,22.46,17.03,16.17,0.0793,0.0781,0.0831
field_02,2025-08-26,32.2,18.7,25.3,0.0,14.9,22.13,5.95,30.292,22.02,18.69,15.33,0.0834,0.0775,0.08
field_02,2025-08-27,31.7,20.5,26.1,0.0,12.1,22.09,6.25,28.208,23.1,18.47,15.87,0.0762,0.0799,0.0784
field_02,2025-08-28,32.0,17.6,25.5,0.0,14.1,22.04,5.9,29.417,23.6,19.0,15.42,0.0828,0.0776,0.0845
field_02,2025-08-29,33.0,20.6,26.6,0.0,14.2,21.93,5.97,26.875,23.32,18.13,15.84,0.0773,0.0777,0.0827
field_02,2025-08-30,36.3,20.7,28.1,0.0,26.6,21.52,7.61,22.667,23.11,18.06,14.81,0.078,0.0817,0.0789
field_02,2025-08-31,25.0,15.5,20.6,0.0,28.9,21.16,6.66,25.792,24.63,18.19,15.19,0.0801,0.0847,0.0776
field_02,2025-09-01,26.8,13.3,19.7,0.0,10.7,21.48,4.89,26.542,18.67,18.48,14.16,0.0796,0.0804,0.0777
field_02,2025-09-02,27.6,15.1,21.2,0.0,23.2,21.2,5.73,30.667,17.9,18.72,13.29,0.0781,0.0843,0.0795
field_02,2025-09-03,24.5,14.0,19.2,2.8,19.4,21.0,5.94,33.5,18.76,18.62,13.15,0.0781,0.0812,0.0814
field_02,2025-09-04,28.1,12.4,20.6,0.0,24.6,21.14,5.61,26.417,17.73,20.11,13.8,0.0804,0.0823,0.0808
field_02,2025-09-05,31.0,14.5,22.6,0.0,10.9,20.9,5.25,25.125,18.42,15.56,14.2,0.0785,0.0814,0.0775
field_02,2025-09-06,33.4,19.2,25.4,0.0,11.7,18.87,5.06,23.75,19.97,14.81,14.09,0.0857,0.0782,0.0847
field_02,2025-09-07,35.0,19.3,26.7,0.0,15.8,19.8,5.68,22.542,22.54,16.29,13.96,0.08,0.0732,0.077
field_02,2025-09-08,31.8,19.8,25.6,0.6,27.9,19.31,6.03,30.167,23.28,14.93,13.9,0.0828,0.0806,0.0798
field_02,2025-09-09,27.6,17.0,22.5,0.0,12.8,17.21,4.21,43.417,22.45,15.2,14.2,0.083,0.0823,0.0795
field_02,2025-09-10,28.2,16.7,22.4,0.4,15.4,18.96,4.56,41.208,20.62,16.47,14.14,0.0865,0.0761,0.0805
field_02,2025-09-11,26.4,16.4,21.1,0.0,14.1,18.52,4.4,44.333,20.2,18.8,14.74,0.0798,0.0775,0.0797
field_02,2025-09-12,28.0,14.5,21.4,0.0,15.6,19.14,4.22,39.917,18.98,19.29,14.06,0.0801,0.0759,0.074
field_02,2025-09-13,28.0,15.4,21.5,1.0,26.0,18.75,5.04,40.167,19.8,18.63,14.95,0.08,0.0732,0.0766
field_02,2025-09-14,24.4,15.4,19.5,0.0,17.4,18.68,5.1,40.0,19.54,17.42,14.83,0.0777,0.076,0.0841
field_02,2025-09-15,26.7,12.8,19.5,0.0,10.7,18.55,3.87,41.167,18.06,16.41,13.09,0.0795,0.0762,0.0786
field_02,2025-09-16,24.5,15.3,19.0,2.6,19.7,13.31,3.39,51.833,17.76,16.77,11.92,0.0794,0.0819,0.0782
field_02,2025-09-17,22.7,13.5,18.2,0.2,9.4,16.39,3.29,61.792,17.11,16.06,13.05,0.0824,0.0774,0.0804
field_02,2025-09-18,18.6,13.0,15.4,2.9,17.2,9.96,2.05,68.25,16.62,15.92,11.8,0.0886,0.0824,0.0799
field_02,2025-09-19,22.5,11.0,16.2,0.0,16.7,17.63,3.55,53.5,14.23,14.94,12.25,0.0768,0.0791,0.0801
field_02,2025-09-20,22.4,9.9,15.7,0.0,16.2,17.39,3.57,49.667,15.19,14.86,12.78,0.0786,0.0788,0.0816
field_02,2025-09-21,22.8,10.0,16.1,0.0,17.6,18.08,4.06,46.542,14.5,14.34,14.18,0.0809,0.0787,0.0823
field_02,2025-09-22,26.4,13.1,19.2,0.0,25.1,14.89,4.51,36.917,14.51,14.53,14.5,0.0794,0.0811,0.0792
field_02,2025-09-23,20.6,12.8,16.8,15.8,28.7,7.43,2.65,59.333,17.14,12.51,13.86,0.1705,0.1099,0.0946
field_02,2025-09-24,19.2,10.8,14.5,10.0,27.0,15.92,3.36,56.667,15.45,12.67,12.95,0.214,0.1209,0.1055
field_02,2025-09-25,22.2,9.8,15.4,0.0,37.4,17.35,4.42,46.75,13.29,12.7,13.55,0.1811,0.1059,0.1052
field_02,2025-09-26,26.0,10.2,18.2,0.0,17.5,15.03,3.64,38.042,14.4,12.79,11.81,0.157,0.0957,0.101
field_02,2025-09-27,26.3,13.0,19.5,0.0,10.5,16.27,3.43,41.958,16.49,14.93,13.15,0.1318,0.0856,0.0905
field_02,2025-09-28,26.9,14.2,19.8,0.0,10.4,16.49,3.8,38.917,18.12,13.03,12.29,0.1088,0.0831,0.0843
field_02,2025-09-29,27.5,14.3,20.4,0.0,26.5,15.87,3.61,40.542,18.16,12.14,12.2,0.0861,0.0769,0.0743
field_02,2025-09-30,23.7,13.7,18.4,0.2,23.7,13.97,3.19,49.208,18.58,12.3,11.64,0.0789,0.0746,0.0798
field_03,2025-05-01,26.1,13.2,20.0,0.5,27.4,23.55,5.93,45.417,18.32,15.1,11.93,0.2557,0.3112,0.3494
field_03,2025-05-02,25.8,13.1,18.6,5.8,26.2,19.18,4.45,65.042,18.15,15.59,12.48,0.2652,0.3085,0.3506
field_03,2025-05-03,25.5,12.6,19.0,0.0,12.5,24.93,5.19,44.167,16.92,15.34,12.28,0.2237,0.2954,0.3402
field_03,2025-05-04,28.6,12.2,20.6,0.0,25.4,25.2,6.13,35.583,17.59,14.88,13.08,0.1755,0.2752,0.3311
field_03,2025-05-05,30.5,16.3,23.7,0.0,27.2,24.57,6.6,30.958,18.15,14.64,12.26,0.133,0.259,0.3182
field_03,2025-05-06,29.6,15.7,23.2,0.0,20.5,25.6,7.17,25.708,22.02,15.15,12.03,0.0837,0.2412,0.3106
field_03,2025-05-07,32.6,13.6,23.7,0.0,32.0,25.87,7.85,22.083,21.29,14.82,12.34,0.0783,0.2148,0.3012
field_03,2025-05-08,34.8,15.4,25.7,0.0,27.0,25.42,7.19,21.792,21.02,14.91,12.33,0.0795,0.1925,0.2954
field_03,2025-05-09,31.8,17.9,25.1,0.0,29.9,20.98,7.35,30.875,23.54,15.93,11.74,0.0813,0.1745,0.2827
field_03,2025-05-10,26.8,16.9,22.0,2.6,25.0,20.16,5.24,49.833,22.5,16.93,12.58,0.081,0.1623,0.2777
field_03,2025-05-11,24.0,15.4,18.5,7.9,28.0,17.56,3.92,62.625,19.2,17.07,11.94,0.1141,0.1665,0.2761
field_03,2025-05-12,26.8,14.8,20.3,0.0,12.5,24.02,5.04,48.25,16.49,17.12,12.17,0.0803,0.1577,0.2732
field_03,2025-05-13,30.7,14.0,23.3,0.0,28.6,25.57,7.59,32.208,18.42,18.71,12.44,0.081,0.1327,0.2671
field_03,2025-05-14,33.3,16.1,25.4,0.0,20.6,24.43,6.76,28.125,20.9,18.54,11.75,0.0862,0.1195,0.2583
field_03,2025-05-15,34.4,19.1,26.9,0.0,19.2,25.64,6.92,27.125,22.99,16.1,11.97,0.0825,0.1056,0.2511
field_03,2025-05-16,35.9,18.6,27.7,0.0,27.0,26.21,8.0,23.042,24.21,14.44,11.8,0.0823,0.0837,0.2403
field_03,2025-05-17,37.6,20.7,29.6,0.0,28.5,25.51,8.68,18.333,24.88,15.27,11.59,0.0798,0.0822,0.2315
field_03,2025-05-18,27.0,15.7,22.4,5.3,33.7,19.68,6.14,45.292,26.41,17.23,12.06,0.0765,0.0812,0.2279
field_03,2025-05-19,21.0,13.4,17.0,3.0,26.4,22.42,4.97,55.833,20.05,18.58,12.81,0.0777,0.08,0.2234
field_03,2025-05-20,24.4,11.0,17.7,0.0,13.7,26.81,5.35,44.292,16.22,19.11,13.46,0.084,0.0781,0.2185
field_03,2025-05-21,28.6,12.1,20.7,0.0,23.3,26.33,6.42,35.208,16.64,20.13,13.56,0.082,0.0826,0.2058
field_03,2025-05-22,33.1,14.8,24.5,0.0,27.7,26.02,7.34,27.417,18.61,20.63,13.5,0.0843,0.0729,0.2007
field_03,2025-05-23,33.1,18.7,25.4,0.8,37.2,17.16,6.76,35.792,21.82,15.95,14.41,0.0825,0.0816,0.1902
field_03,2025-05-24,26.0,14.9,20.6,2.2,23.0,25.23,5.79,48.792,22.77,13.06,14.05,0.082,0.0806,0.1827
field_03,2025-05-25,30.1,14.4,23.0,0.0,20.5,26.63,6.4,45.792,18.69,13.87,12.97,0.0828,0.0758,0.1737
field_03,2025-05-26,23.6,18.7,21.2,0.2,39.6,20.19,5.83,46.625,21.01,15.33,11.24,0.0813,0.0846,0.1648
field_03,2025-05-27,22.2,13.5,18.5,0.0,25.7,25.51,6.4,40.5,19.56,18.49,12.26,0.0754,0.0833,0.1568
field_03,2025-05-28,23.9,10.9,18.4,0.0,25.7,26.52,6.22,43.125,16.55,17.64,13.14,0.0794,0.0786,0.1514
field_03,2025-05-29,27.7,14.0,21.4,0.0,15.9,27.42,6.36,32.083,16.61,15.79,14.21,0.0745,0.0859,0.1454
field_03,2025-05-30,26.8,15.2,21.6,0.0,34.2,25.46,7.44,32.75,19.36,16.58,14.47,0.0783,0.0766,0.1344
field_03,2025-05-31,24.6,18.6,21.3,0.0,21.5,10.11,5.8,24.917,19.65,16.31,15.37,0.0824,0.083,0.1306
field_03,2025-06-01,25.5,17.5,20.9,0.4,28.9,18.97,6.39,34.208,19.35,14.1,15.66,0.0791,0.0777,0.121
field_03,2025-06-02,28.0,16.0,22.1,0.0,16.3,21.02,5.45,38.25,18.82,14.08,12.81,0.0816,0.0815,0.1168
field_03,2025-06-03,30.0,17.9,23.6,0.0,15.7,21.79,5.78,31.625,20.36,16.69,11.05,0.0759,0.078,0.1139
field_03,2025-06-04,31.0,17.9,25.1,0.0,19.0,22.73,6.96,31.75,21.68,16.4,12.05,0.0857,0.0766,0.1014
field_03,2025-06-05,34.2,18.1,26.7,0.0,23.6,25.28,6.99,29.292,22.24,15.58,12.44,0.0785,0.0797,0.0967
field_03,2025-06-06,35.9,19.5,28.7,0.0,25.3,26.49,8.66,23.417,23.8,15.76,13.63,0.0794,0.0768,0.0881
field_03,2025-06-07,33.1,20.9,27.4,0.0,33.4,26.38,9.25,29.208,25.64,16.5,14.39,0.0837,0.0808,0.0858
field_03,2025-06-08,30.6,19.4,23.6,1.2,27.0,16.76,5.06,55.583,24.2,17.35,12.29,0.076,0.0834,0.0803
field_03,2025-06-09,33.7,17.3,26.2,0.0,28.5,26.15,6.83,50.208,21.5,18.53,13.09,0.078,0.0815,0.0771
field_03,2025-06-10,33.3,21.8,27.0,1.1,27.3,16.46,5.79,44.083,23.42,18.59,12.66,0.0792,0.0815,0.0791
field_03,2025-06-11,33.0,18.2,26.5,0.0,22.7,25.33,7.02,44.708,24.34,20.15,11.29,0.0775,0.0842,0.0768
field_03,2025-06-12,33.8,21.7,28.3,0.0,11.2,25.89,6.48,34.208,23.48,19.28,11.37,0.0847,0.0798,0.0807
field_03,2025-06-13,29.5,21.6,25.3,0.5,21.7,13.5,4.57,44.625,25.07,17.82,12.67,0.0754,0.0792,0.0819
field_03,2025-06-14,27.3,19.0,23.9,0.0,18.1,10.54,3.2,59.25,23.08,18.74,12.75,0.0766,0.0774,0.0771
field_03,2025-06-15,31.7,19.2,25.8,0.0,20.6,22.65,6.26,46.5,21.98,19.42,12.39,0.0753,0.0808,0.0813
field_03,2025-06-16,33.4,19.6,27.3,0.0,20.2,26.13,7.37,37.875,23.32,19.05,12.66,0.0773,0.0825,0.0803
field_03,2025-06-17,35.5,20.1,28.3,0.0,18.0,27.06,7.72,30.833,24.81,20.51,12.7,0.0771,0.0775,0.0829
field_03,2025-06-18,36.7,20.6,29.4,0.0,16.0,26.86,7.8,24.125,25.64,18.24,12.79,0.0758,0.0817,0.0844
field_03,2025-06-19,39.2,21.9,31.2,0.0,24.3,27.94,8.64,22.417,26.36,17.4,14.16,0.0829,0.0828,0.0805
field_03,2025-06-20,32.1,22.5,27.6,0.0,31.2,18.28,7.72,37.792,27.47,19.15,14.42,0.0786,0.0789,0.0794
field_03,2025-06-21,34.6,18.8,27.5,0.0,26.6,26.99,7.58,37.083,24.61,19.49,14.83,0.0816,0.0827,0.0739
field_03,2025-06-22,32.8,22.6,28.1,0.0,22.7,17.9,6.56,29.708,24.77,20.08,13.89,0.0796,0.0844,0.0838
field_03,2025-06-23,32.4,22.4,27.3,0.5,23.8,24.33,6.32,37.833,25.31,20.8,13.59,0.0818,0.0802,0.0773
field_03,2025-06-24,34.9,19.7,27.7,0.0,19.3,26.86,6.88,36.125,24.36,22.03,14.23,0.0831,0.0768,0.0796
field_03,2025-06-25,37.4,22.0,30.1,0.0,26.3,24.93,9.0,28.042,24.97,19.63,14.85,0.0827,0.077,0.0783
field_03,2025-06-26,34.7,22.0,28.6,0.6,26.3,19.02,7.72,33.583,26.85,20.41,14.16,0.0848,0.0758,0.0744
field_03,2025-06-27,29.5,21.0,25.5,0.0,22.3,25.82,7.34,34.75,25.16,19.88,15.23,0.079,0.0754,0.0792
field_03,2025-06-28,33.2,18.4,26.2,0.0,22.8,27.85,7.31,31.708,22.41,19.56,14.45,0.0822,0.0802,0.0808
field_03,2025-06-29,34.9,21.5,29.0,0.0,24.2,27.53,8.21,23.958,23.67,19.61,13.59,0.0834,0.0822,0.0772
field_03,2025-06-30,32.9,21.8,28.2,0.0,23.0,27.45,8.62,24.458,26.02,20.98,14.56,0.0796,0.0803,0.087
field_03,2025-07-01,33.6,21.9,28.5,0.0,23.4,27.25,8.53,22.458,25.28,20.47,15.18,0.0813,0.0828,0.0839
field_03,2025-07-02,33.9,21.0,28.2,0.0,24.6,27.55,8.58,21.208,25.14,18.18,15.4,0.0777,0.0799,0.0775
field_03,2025-07-03,36.0,21.6,29.4,0.0,18.4,27.94,8.52,18.833,25.59,19.15,15.56,0.0791,0.0798,0.0801
field_03,2025-07-04,36.1,21.9,29.6,0.0,22.0,27.86,8.26,20.958,26.69,20.08,16.04,0.0841,0.0802,0.0785
field_03,2025-07-05,36.6,22.9,29.2,0.0,20.3,18.5,7.02,25.167,26.17,19.75,14.97,0.0802,0.0817,0.0788
field_03,2025-07-06,33.6,21.6,28.4,0.1,28.2,27.7,8.65,28.792,26.5,20.3,14.98,0.0813,0.0791,0.0789
field_03,2025-07-07,32.7,21.0,26.9,0.0,24.6,18.24,6.69,23.25,25.28,20.28,15.04,0.0814,0.081,0.0768
field_03,2025-07-08,35.1,22.5,28.8,0.0,18.8,26.73,8.05,21.083,24.25,21.16,14.43,0.084,0.0774,0.0783
field_03,2025-07-09,34.5,22.3,27.9,0.0,24.6,20.16,7.11,27.375,25.69,20.74,15.3,0.0794,0.0768,0.0797
field_03,2025-07-10,30.0,17.3,23.2,3.9,33.3,17.68,5.41,47.417,25.17,20.32,15.3,0.0815,0.0803,0.077
field_03,2025-07-11,28.1,18.1,23.3,0.0,22.0,24.13,6.24,42.708,21.02,20.43,15.44,0.083,0.0827,0.0829
field_03,2025-07-12,31.5,16.4,24.7,0.0,18.8,27.12,6.25,34.417,21.52,19.41,14.5,0.0769,0.0819,0.0778
field_03,2025-07-13,35.3,19.4,27.7,0.0,28.2,27.21,8.2,27.417,22.07,20.78,14.43,0.0806,0.0786,0.0797
field_03,2025-07-14,36.7,21.1,29.0,0.0,31.7,20.3,7.79,26.667,24.4,19.98,15.62,0.0787,0.0811,0.0799
field_03,2025-07-15,36.6,21.8,30.8,0.4,29.2,24.06,8.17,29.792,26.3,16.89,14.97,0.0806,0.0787,0.0854
field_03,2025-07-16,35.3,23.4,30.0,0.0,14.3,17.6,5.52,31.375,26.97,17.41,14.99,0.0829,0.0791,0.0761
field_03,2025-07-17,37.0,23.7,30.6,0.0,22.9,25.83,8.19,30.208,26.53,17.35,14.87,0.0791,0.0863,0.0833
field_03,2025-07-18,38.3,22.1,30.5,0.0,17.8,26.71,8.06,28.458,27.11,19.6,16.05,0.0786,0.0787,0.0818
field_03,2025-07-19,39.8,23.1,32.4,0.0,22.0,25.33,8.57,23.0,27.07,20.12,15.39,0.0865,0.0795,0.0796
field_03,2025-07-20,39.3,24.2,32.6,0.0,14.4,25.48,7.47,28.667,28.86,21.88,15.07,0.0792,0.0828,0.0774
field_03,2025-07-21,37.3,24.0,30.9,0.0,23.4,26.15,8.27,24.125,28.56,21.59,14.89,0.0824,0.076,0.0803
field_03,2025-07-22,36.9,22.1,29.7,0.0,17.3,26.88,7.86,17.792,28.16,22.27,14.75,0.079,0.0815,0.0879
field_03,2025-07-23,37.3,21.5,29.5,0.0,16.7,26.95,7.39,19.333,26.61,21.28,14.94,0.0799,0.0825,0.0741
field_03,2025-07-24,36.7,22.8,30.3,0.0,22.2,26.64,8.82,17.833,26.57,22.65,15.28,0.0775,0.0795,0.0799
field_03,2025-07-25,39.0,22.4,30.7,0.0,13.1,26.06,7.11,17.417,27.45,23.09,13.33,0.077,0.0808,0.0798
field_03,2025-07-26,40.4,24.0,32.3,0.0,16.8,25.55,7.32,19.792,27.42,22.06,13.47,0.0818,0.0826,0.0833
field_03,2025-07-27,40.6,24.6,33.1,0.0,41.6,25.32,8.76,18.667,28.49,20.81,14.21,0.0795,0.0787,0.0805
field_03,2025-07-28,33.8,24.8,29.1,0.0,24.7,21.62,7.29,33.542,29.74,21.55,15.13,0.0809,0.0777,0.0798
field_03,2025-07-29,35.0,21.5,28.9,0.0,18.4,23.06,6.7,34.583,25.95,21.28,15.16,0.0822,0.0849,0.0801
field_03,2025-07-30,32.1,24.8,28.0,0.0,29.4,21.24,7.42,33.0,26.15,21.35,15.97,0.0859,0.0727,0.0834
field_03,2025-07-31,30.9,20.5,25.2,3.2,20.5,20.15,5.89,43.75,25.28,22.55,15.55,0.0837,0.0807,0.0778
field_03,2025-08-01,33.9,19.6,27.3,0.0,23.8,22.47,6.81,34.708,22.29,22.89,15.84,0.0819,0.078,0.0757
field_03,2025-08-02,29.4,19.0,24.2,0.8,25.9,21.58,6.11,46.208,24.29,20.27,15.87,0.0873,0.0828,0.0802
field_03,2025-08-03,30.5,17.7,25.4,0.0,24.3,23.77,6.85,38.958,21.8,20.31,16.42,0.0815,0.0774,0.079
field_03,2025-08-04,31.4,17.7,25.2,0.0,23.3,21.93,6.41,40.375,22.73,19.99,16.16,0.0827,0.0771,0.0817
field_03,2025-08-05,30.3,19.7,25.5,0.7,20.9,21.46,6.31,36.458,22.64,18.58,15.95,0.0795,0.0868,0.0779
field_03,2025-08-06,31.4,17.4,24.8,0.0,17.7,24.97,6.36,30.833,22.75,19.15,15.99,0.0829,0.0775,0.0836
field_03,2025-08-07,33.6,17.5,25.9,0.0,22.3,22.63,6.8,33.792,21.9,18.06,15.5,0.08,0.0778,0.0827
field_03,2025-08-08,33.3,21.1,27.0,0.0,21.7,21.69,6.47,32.167,23.56,18.61,16.14,0.0788,0.0811,0.0765
field_03,2025-08-09,36.3,19.7,27.9,0.0,25.0,24.44,7.48,27.792,24.26,18.17,16.71,0.0832,0.0807,0.0821
field_03,2025-08-10,36.5,22.5,30.1,0.0,25.7,24.09,8.64,22.208,23.94,18.29,16.51,0.0825,0.0773,0.0838
field_03,2025-08-11,34.8,23.6,29.4,0.0,20.1,23.88,8.04,27.417,26.94,18.17,16.47,0.083,0.081,0.079
field_03,2025-08-12,37.1,22.4,30.1,0.0,23.5,23.07,7.8,28.792,26.2,18.62,15.45,0.0787,0.0841,0.0734
field_03,2025-08-13,35.5,23.8,30.1,0.0,22.4,23.64,8.45,23.458,26.91,19.18,15.49,0.0808,0.0798,0.0818
field_03,2025-08-14,33.4,22.3,28.5,0.0,20.8,20.3,7.05,30.333,26.66,19.86,14.57,0.0761,0.0844,0.0752
field_03,2025-08-15,30.7,21.8,26.3,0.1,21.8,20.9,6.99,36.042,25.86,21.42,13.54,0.0841,0.08,0.0825
field_03,2025-08-16,33.0,17.6,26.0,0.0,26.3,22.73,7.0,37.792,23.61,20.45,14.79,0.0823,0.0808,0.087
field_03,2025-08-17,31.2,20.3,25.5,0.2,29.2,18.3,6.01,39.875,23.72,21.05,14.25,0.0841,0.0822,0.0791
field_03,2025-08-18,27.3,17.6,21.9,2.8,18.5,14.34,4.0,50.417,22.76,20.92,13.96,0.0827,0.074,0.0813
field_03,2025-08-19,28.4,14.9,21.3,0.0,22.8,22.54,5.18,49.333,20.23,19.95,14.23,0.0812,0.0812,0.0852
field_03,2025-08-20,30.4,15.3,23.0,0.0,25.0,22.87,5.88,41.917,18.85,19.28,14.16,0.0864,0.0816,0.0796
field_03,2025-08-21,31.0,16.8,24.4,0.1,18.5,21.32,5.85,39.583,20.92,18.91,13.71,0.0796,0.0849,0.0813
field_03,2025-08-22,32.4,17.1,24.8,0.0,23.8,22.45,6.26,34.833,22.09,18.42,14.09,0.0837,0.0795,0.0803
field_03,2025-08-23,33.2,18.9,25.3,1.3,30.1,21.45,6.49,30.792,22.3,16.21,14.88,0.0812,0.0777,0.081
field_03,2025-08-24,30.0,19.6,24.4,0.0,25.0,19.46,7.02,34.375,22.81,15.65,14.93,0.0785,0.0801,0.08
field_03,2025-08-25,30.4,18.3,24.5,0.0,17.8,22.52,6.42,30.25,21.93,17.52,15.38,0.079,0.0789,0.0744
field_03,2025-08-26,32.5,16.6,24.6,0.0,19.9,22.23,5.95,31.75,21.84,18.04,15.29,0.0815,0.079,0.0838
field_03,2025-08-27,31.9,18.3,25.3,0.0,16.7,22.21,5.95,29.333,21.61,18.18,15.95,0.08,0.0787,0.0838
field_03,2025-08-28,32.3,18.4,25.3,0.0,19.7,22.18,6.0,28.042,22.9,18.41,15.17,0.082,0.0816,0.0764
field_03,2025-08-29,33.1,19.4,26.2,0.0,17.0,22.1,6.02,24.75,22.86,18.25,15.41,0.0757,0.0816,0.0812
field_03,2025-08-30,34.5,19.6,27.4,0.0,25.3,21.69,7.25,22.917,22.92,17.47,14.45,0.0799,0.0744,0.0882
field_03,2025-08-31,24.7,14.8,20.2,0.0,33.9,21.38,7.08,26.083,24.75,17.37,14.5,0.0821,0.0854,0.0806
field_03,2025-09-01,26.4,10.3,18.8,0.0,17.1,21.63,5.43,28.333,18.5,18.23,14.67,0.0791,0.0776,0.081
field_03,2025-09-02,27.5,13.0,20.7,0.0,29.4,21.36,6.12,32.667,17.62,18.36,12.74,0.0844,0.0774,0.0797
field_03,2025-09-03,24.2,13.9,19.2,2.3,27.5,21.64,6.99,28.917,19.09,18.66,12.93,0.078,0.078,0.0827
field_03,2025-09-04,27.3,11.5,20.0,0.0,27.1,21.17,6.06,27.25,17.4,19.59,13.26,0.0769,0.0841,0.0798
field_03,2025-09-05,31.0,14.0,22.6,0.0,24.2,21.07,6.44,23.792,18.02,15.36,13.89,0.0784,0.0803,0.0766
field_03,2025-09-06,33.1,18.1,25.2,0.0,18.8,18.8,5.74,24.208,20.23,14.27,14.07,0.0802,0.0839,0.0772
field_03,2025-09-07,34.1,17.9,25.9,0.0,23.0,19.72,6.18,24.917,22.76,15.18,14.0,0.0813,0.0811,0.0768
field_03,2025-09-08,32.1,17.9,25.2,2.9,38.0,18.66,5.8,33.208,23.16,14.28,14.13,0.0805,0.077,0.0805
field_03,2025-09-09,26.3,15.8,21.0,0.0,14.6,17.86,4.33,51.875,22.68,15.15,13.81,0.0804,0.0792,0.0809
field_03,2025-09-10,26.0,16.4,20.9,0.0,17.7,18.93,4.34,50.875,19.41,17.04,13.73,0.0742,0.0801,0.0784
field_03,2025-09-11,25.0,14.7,19.4,0.3,19.3,18.03,4.02,55.5,18.86,18.32,13.75,0.0724,0.0791,0.0791
field_03,2025-09-12,25.9,12.9,19.4,0.0,24.7,19.25,4.24,49.917,17.9,18.75,14.11,0.0793,0.0763,0.0776
field_03,2025-09-13,27.7,15.6,20.6,0.4,29.9,18.92,5.22,45.833,17.75,18.33,14.42,0.0783,0.0803,0.0802
field_03,2025-09-14,23.9,15.0,19.2,0.0,22.4,18.72,5.46,40.083,18.69,15.92,14.46,0.0727,0.0783,0.0849
field_03,2025-09-15,25.2,11.8,18.6,0.0,16.1,18.51,3.93,44.125,17.12,16.59,12.43,0.0778,0.0769,0.0773
field_03,2025-09-16,24.3,13.3,18.7,6.0,27.6,13.28,3.72,53.917,17.09,14.69,12.38,0.0908,0.084,0.0778
field_03,2025-09-17,23.1,13.3,17.7,0.4,13.3,16.01,3.12,68.208,16.73,14.42,12.32,0.0806,0.0765,0.0834
field_03,2025-09-18,17.2,13.2,14.7,5.4,20.0,7.98,1.61,76.875,15.7,15.37,11.78,0.1046,0.0788,0.0855
field_03,2025-09-19,22.1,11.0,15.5,0.0,19.0,16.86,3.42,62.958,13.26,14.61,12.2,0.0814,0.0792,0.0807
field_03,2025-09-20,20.9,9.3,14.5,0.0,17.5,17.58,3.44,60.958,14.89,14.66,12.91,0.0811,0.0796,0.0778
field_03,2025-09-21,21.1,8.3,14.4,0.0,23.6,18.23,3.77,60.042,14.16,13.9,14.12,0.0776,0.0858,0.0815
field_03,2025-09-22,26.1,11.2,18.1,0.0,29.1,15.3,4.67,42.375,13.55,14.11,14.61,0.0853,0.0819,0.0801
field_03,2025-09-23,19.9,10.9,15.7,15.1,31.7,6.8,2.29,68.042,16.96,11.75,14.22,0.175,0.1067,0.0969
field_03,2025-09-24,18.5,10.3,13.7,0.9,28.5,16.46,3.46,59.25,15.08,12.21,12.58,0.1581,0.0968,0.0899
field_03,2025-09-25,21.6,8.3,14.1,0.0,29.2,17.46,3.93,55.375,13.32,11.41,12.51,0.1248,0.0837,0.0879
field_03,2025-09-26,25.0,8.9,16.6,0.0,23.1,15.62,3.82,48.333,12.93,11.58,11.28,0.0969,0.08,0.0819
field_03,2025-09-27,25.5,12.8,19.1,0.0,28.2,16.27,4.06,51.042,15.14,13.73,11.86,0.0759,0.0796,0.0764
field_03,2025-09-28,26.0,12.1,18.6,0.0,22.6,16.51,4.12,49.542,17.19,12.71,12.05,0.0791,0.0819,0.0862
field_03,2025-09-29,25.9,13.5,19.4,0.0,20.4,15.76,3.63,46.708,17.71,11.57,12.3,0.0783,0.0786,0.0809
field_03,2025-09-30,22.9,14.6,18.3,0.2,30.5,13.33,3.52,49.042,17.73,11.59,11.46,0.0816,0.0822,0.0803
field_04,2025-05-01,22.3,14.3,18.0,0.3,20.7,23.22,4.91,51.958,16.38,13.95,11.72,0.2649,0.3124,0.3416
field_04,2025-05-02,22.9,13.8,17.5,13.8,21.9,18.08,3.85,66.875,16.48,13.86,11.6,0.3302,0.3298,0.3498
field_04,2025-05-03,21.5,13.5,17.3,0.0,12.3,24.25,4.52,46.917,16.24,13.68,10.78,0.2949,0.3104,0.3345
field_04,2025-05-04,26.2,12.6,19.3,0.0,14.0,25.56,5.02,41.25,15.78,13.84,11.19,0.2545,0.3008,0.3323
field_04,2025-05-05,27.8,16.8,22.7,0.0,23.5,24.6,6.5,31.75,17.43,14.44,11.82,0.2085,0.2767,0.322
field_04,2025-05-06,25.5,16.1,20.9,0.0,13.1,25.66,5.86,31.333,20.33,13.44,11.33,0.1663,0.2559,0.3149
field_04,2025-05-07,29.8,15.3,22.9,0.0,20.0,25.9,6.01,25.042,19.47,13.92,11.4,0.1263,0.2373,0.3111
field_04,2025-05-08,32.2,18.9,25.2,0.0,14.3,25.39,5.93,26.042,20.89,13.91,12.02,0.0828,0.2215,0.301
field_04,2025-05-09,29.0,19.0,24.2,0.0,24.4,20.4,6.29,34.125,22.7,15.55,10.99,0.0753,0.1994,0.2922
field_04,2025-05-10,24.5,16.8,20.6,0.0,12.6,19.37,4.52,47.75,21.85,17.01,11.36,0.0798,0.1853,0.2834
field_04,2025-05-11,22.4,15.4,18.0,20.9,19.3,17.79,3.9,54.875,18.7,15.25,11.31,0.2011,0.2139,0.294
field_04,2025-05-12,22.5,14.0,18.2,0.1,9.9,23.81,4.46,52.042,16.37,16.64,11.44,0.1754,0.1996,0.2892
field_04,2025-05-13,27.6,14.1,21.3,0.0,26.1,25.91,5.87,35.708,16.31,18.05,11.28,0.1396,0.1861,0.2823
field_04,2025-05-14,29.8,18.8,23.9,0.0,13.5,24.3,5.81,31.375,18.87,17.76,11.23,0.1007,0.1644,0.272
field_04,2025-05-15,30.6,21.3,25.3,0.0,14.9,25.65,7.01,28.458,21.58,15.82,10.5,0.0809,0.1487,0.265
field_04,2025-05-16,33.3,20.1,26.6,0.0,18.7,26.46,6.72,24.458,22.94,14.05,11.33,0.0772,0.131,0.2539
field_04,2025-05-17,34.3,22.2,28.2,0.0,19.1,25.77,6.88,20.667,23.87,13.59,11.07,0.078,0.1099,0.2455
field_04,2025-05-18,28.2,14.5,21.6,3.3,23.7,16.28,5.47,44.958,24.98,15.57,11.41,0.0825,0.0994,0.2435
field_04,2025-05-19,19.0,11.9,15.3,6.2,21.0,19.29,4.01,59.333,19.83,16.67,11.66,0.101,0.0998,0.2444
field_04,2025-05-20,20.5,11.3,16.3,0.0,8.4,27.03,4.78,47.125,13.97,18.58,13.07,0.0831,0.0845,0.2351
field_04,2025-05-21,26.2,12.9,19.7,0.0,10.6,26.4,5.67,34.25,14.75,18.86,12.27,0.0799,0.0864,0.2267
field_04,2025-05-22,30.7,17.1,23.7,0.0,17.8,26.29,6.26,27.583,17.56,20.66,13.7,0.0789,0.083,0.2209
field_04,2025-05-23,30.4,17.6,24.8,0.6,36.3,18.69,6.33,32.917,21.14,15.84,14.39,0.0824,0.0773,0.2184
field_04,2025-05-24,22.3,15.1,18.7,1.9,15.0,25.02,4.79,49.667,21.58,12.11,13.77,0.0838,0.0791,0.2152
field_04,2025-05-25,27.7,14.1,21.7,0.0,10.8,26.43,5.59,42.208,17.48,12.76,12.12,0.0801,0.0784,0.2108
field_04,2025-05-26,23.0,17.0,20.1,0.3,29.5,20.12,5.8,43.75,19.28,15.37,11.15,0.0846,0.0784,0.2026
field_04,2025-05-27,19.6,12.9,16.5,0.0,23.3,24.7,5.15,46.625,18.09,17.05,11.36,0.0859,0.0809,0.1978
field_04,2025-05-28,20.7,10.2,15.9,0.0,19.7,25.93,5.08,47.875,15.31,18.05,12.5,0.0829,0.0811,0.197
field_04,2025-05-29,23.7,14.4,19.0,0.0,10.9,26.51,5.5,37.5,14.53,14.06,13.19,0.0779,0.0805,0.1951
field_04,2025-05-30,22.9,14.9,19.4,0.0,24.4,24.22,6.07,36.208,17.16,16.55,14.1,0.0802,0.0832,0.1845
field_04,2025-05-31,22.3,16.8,18.9,0.0,14.8,16.83,4.84,34.375,17.58,15.27,14.71,0.0787,0.0857,0.1798
field_04,2025-06-01,20.8,15.1,17.8,1.6,16.7,15.12,4.14,46.0,17.0,13.02,15.1,0.082,0.0789,0.1729
field_04,2025-06-02,24.0,14.4,19.6,0.0,13.0,23.35,4.95,40.042,16.46,12.62,12.44,0.0789,0.0784,0.1693
field_04,2025-06-03,26.8,16.8,21.7,0.0,9.9,22.47,5.26,30.125,18.05,14.78,11.13,0.0813,0.0829,0.1625
field_04,2025-06-04,28.9,17.3,23.5,0.0,12.6,23.38,5.72,29.583,19.47,15.0,10.88,0.0795,0.0818,0.1569
field_04,2025-06-05,31.3,19.2,25.1,0.0,14.7,26.33,6.41,28.167,21.12,14.94,11.68,0.0763,0.0848,0.1478
field_04,2025-06-06,33.6,20.2,27.0,0.0,17.9,27.12,6.87,25.75,22.35,13.99,12.93,0.0832,0.0831,0.1435
field_04,2025-06-07,30.0,22.2,26.0,0.0,26.4,26.31,7.46,30.25,23.93,15.36,13.66,0.0819,0.0805,0.1361
field_04,2025-06-08,26.1,18.7,22.1,1.0,18.2,14.84,3.7,60.583,23.74,15.91,12.38,0.0769,0.0726,0.1286
field_04,2025-06-09,31.0,17.1,24.5,0.0,22.5,26.25,6.17,51.667,20.16,16.93,13.36,0.0823,0.0817,0.1201
field_04,2025-06-10,30.9,19.4,24.9,0.5,20.4,15.75,4.63,47.333,21.97,17.8,12.39,0.0775,0.0787,0.1133
field_04,2025-06-11,29.4,19.0,24.4,0.0,18.6,24.42,5.92,44.833,22.22,19.32,11.12,0.0812,0.0819,0.1065
field_04,2025-06-12,30.4,21.4,25.8,0.0,13.4,25.12,6.23,37.708,21.71,18.73,10.45,0.0797,0.0799,0.1007
field_04,2025-06-13,25.8,21.0,23.4,0.5,14.2,15.93,4.1,48.167,23.61,16.09,11.24,0.0799,0.0757,0.0975
field_04,2025-06-14,25.8,19.8,22.9,0.0,7.4,12.16,2.78,56.417,21.28,18.39,11.82,0.0789,0.0804,0.0905
field_04,2025-06-15,29.7,20.6,25.0,0.0,11.6,22.25,5.27,37.458,21.11,18.23,11.71,0.0787,0.0788,0.0827
field_04,2025-06-16,31.1,20.9,26.2,0.0,14.2,24.9,6.64,29.792,22.27,17.6,11.65,0.0782,0.0831,0.0806
field_04,2025-06-17,33.0,20.7,26.9,0.0,12.7,27.06,6.93,27.792,23.62,19.45,12.28,0.0784,0.0783,0.0767
field_04,2025-06-18,34.8,21.7,28.3,0.0,14.8,26.4,7.39,23.333,24.43,17.37,12.95,0.0812,0.0781,0.0773
field_04,2025-06-19,37.3,22.3,30.4,0.0,23.3,27.91,8.05,20.125,25.28,16.68,12.93,0.0783,0.0801,0.0779
field_04,2025-06-20,29.8,22.3,25.7,0.0,26.6,18.82,6.53,38.958,26.96,18.16,13.85,0.0767,0.0809,0.0799
field_04,2025-06-21,32.8,21.1,27.3,0.0,19.5,26.42,7.21,30.042,23.62,18.95,15.37,0.0829,0.0824,0.0814
field_04,2025-06-22,31.7,22.6,27.1,0.0,25.6,20.51,5.82,31.125,24.06,19.18,14.38,0.0762,0.0794,0.081
field_04,2025-06-23,31.3,20.9,26.2,0.7,16.3,25.25,6.23,38.417,24.73,20.8,13.35,0.0733,0.0771,0.0787
field_04,2025-06-24,32.6,21.5,27.0,0.0,11.7,26.32,6.41,28.875,23.45,21.39,13.64,0.0814,0.0774,0.0797
field_04,2025-06-25,35.7,21.7,28.4,0.0,24.2,25.08,7.07,29.625,24.96,18.48,14.17,0.0841,0.0784,0.0812
field_04,2025-06-26,31.7,21.1,26.8,1.4,21.8,19.59,6.24,33.917,25.9,19.87,14.19,0.0806,0.0818,0.0852
field_04,2025-06-27,27.6,18.9,23.4,0.0,18.5,23.81,5.64,39.417,23.99,19.4,14.34,0.0833,0.0788,0.0763
field_04,2025-06-28,30.6,19.6,24.8,0.0,12.8,27.78,6.24,32.333,21.23,18.82,13.66,0.081,0.0798,0.0743
field_04,2025-06-29,31.9,19.2,26.9,0.8,18.3,27.33,7.58,27.583,22.5,19.19,12.73,0.0876,0.0821,0.08
field_04,2025-06-30,31.3,19.9,26.1,0.0,13.7,26.99,7.08,27.625,23.87,20.46,14.45,0.0808,0.0794,0.0812
field_04,2025-07-01,31.4,20.8,26.5,0.0,15.7,26.91,7.27,24.167,23.37,19.64,14.91,0.0798,0.0785,0.0775
field_04,2025-07-02,31.7,20.4,26.5,0.0,20.1,27.61,7.63,23.5,24.14,17.08,14.61,0.0761,0.0818,0.0767
field_04,2025-07-03,33.1,20.3,27.4,0.0,12.5,28.22,7.35,20.875,23.09,18.39,15.03,0.0802,0.0775,0.0785
field_04,2025-07-04,33.9,23.0,28.7,0.0,16.7,28.16,8.12,22.083,24.28,18.9,16.28,0.0776,0.0839,0.0817
field_04,2025-07-05,36.4,23.4,28.9,0.0,18.4,22.44,6.37,24.75,26.31,19.04,14.45,0.075,0.0793,0.0809
field_04,2025-07-06,32.2,21.2,26.9,2.1,23.6,27.5,7.46,29.042,25.77,18.86,15.38,0.0858,0.0809,0.0731
field_04,2025-07-07,30.0,21.4,26.0,0.0,15.8,17.06,5.74,24.5,24.04,18.57,14.22,0.0817,0.0838,0.0853
field_04,2025-07-08,32.5,20.9,27.5,0.0,17.9,26.38,7.37,20.75,23.6,19.79,13.93,0.0827,0.0818,0.0824
field_04,2025-07-09,31.8,21.6,26.5,0.0,18.7,19.15,5.65,26.167,24.57,20.23,14.89,0.0818,0.0829,0.0848
field_04,2025-07-10,26.2,17.2,21.7,5.1,24.9,14.84,4.17,48.167,23.48,20.44,15.35,0.0896,0.0825,0.0876
field_04,2025-07-11,26.8,17.8,21.9,0.0,20.0,24.3,5.7,39.167,19.44,19.34,14.28,0.0821,0.0792,0.0822
field_04,2025-07-12,29.5,17.8,23.8,0.0,11.7,26.67,5.82,31.5,19.98,18.87,13.58,0.0763,0.0768,0.0826
field_04,2025-07-13,32.9,18.7,26.4,0.0,16.8,27.32,6.57,25.417,20.94,19.28,13.75,0.082,0.0793,0.0789
field_04,2025-07-14,34.3,23.4,28.3,0.1,19.3,19.77,6.37,25.708,23.63,19.05,14.92,0.0763,0.0806,0.0828
field_04,2025-07-15,34.9,22.6,29.3,0.0,16.8,24.0,6.92,28.0,24.92,16.37,13.52,0.0811,0.0837,0.0794
field_04,2025-07-16,33.2,24.3,29.2,0.0,11.1,18.3,5.27,25.5,25.5,16.38,14.65,0.08,0.0831,0.0849
field_04,2025-07-17,35.3,24.1,29.5,0.0,19.9,24.47,7.0,25.667,26.1,17.37,14.29,0.0774,0.0797,0.0798
field_04,2025-07-18,36.5,23.9,30.3,0.0,10.9,26.45,7.14,22.583,26.01,19.2,14.87,0.0791,0.0784,0.0734
field_04,2025-07-19,37.6,25.7,31.7,0.0,16.2,24.67,7.26,20.708,27.3,20.63,15.73,0.0768,0.0782,0.0806
field_04,2025-07-20,37.4,25.5,31.9,0.0,13.5,24.44,7.12,22.708,28.16,21.28,15.92,0.0802,0.0789,0.0762
field_04,2025-07-21,34.4,25.1,29.7,0.0,20.8,26.2,8.1,23.458,28.21,20.57,14.72,0.0804,0.0814,0.0805
field_04,2025-07-22,34.4,24.3,29.1,0.0,14.1,27.2,8.12,17.667,26.15,20.74,14.32,0.0807,0.0786,0.0824
field_04,2025-07-23,34.4,23.5,28.8,0.0,12.0,27.14,7.12,19.042,26.1,21.9,14.81,0.0795,0.0829,0.0859
field_04,2025-07-24,34.7,24.7,29.5,0.0,17.3,26.76,8.23,18.042,25.73,21.99,14.31,0.0786,0.0754,0.0789
field_04,2025-07-25,36.2,24.3,30.0,0.0,15.0,26.11,7.23,17.5,25.97,22.03,12.48,0.077,0.0791,0.0763
field_04,2025-07-26,37.0,26.2,31.7,0.0,11.8,25.14,7.22,16.333,26.85,20.49,12.97,0.0852,0.078,0.0785
field_04,2025-07-27,37.4,25.2,31.7,0.1,29.3,23.43,8.06,18.458,28.0,20.71,13.85,0.0876,0.0795,0.0774
field_04,2025-07-28,31.5,23.2,27.2,0.0,18.6,20.64,5.92,35.833,27.89,20.5,14.46,0.076,0.0811,0.0796
field_04,2025-07-29,32.3,22.4,27.4,0.1,18.4,22.84,6.13,36.333,24.15,20.53,14.99,0.0733,0.0821,0.0735
field_04,2025-07-30,30.4,22.3,26.3,1.1,25.5,20.67,6.81,33.625,24.49,21.2,15.43,0.0835,0.0813,0.0804
field_04,2025-07-31,29.5,21.2,24.1,0.1,23.8,20.14,5.46,38.583,23.71,21.64,15.38,0.0838,0.0841,0.079
field_04,2025-08-01,32.0,20.7,26.0,0.2,23.4,21.95,5.73,34.083,20.9,21.87,15.86,0.0774,0.0803,0.0795
field_04,2025-08-02,27.1,17.0,22.8,0.4,26.3,20.92,5.9,45.458,23.47,19.26,15.77,0.0811,0.0794,0.0834
field_04,2025-08-03,28.6,19.0,23.8,1.0,17.5,22.0,5.72,40.417,20.8,19.67,16.38,0.0744,0.079,0.081
field_04,2025-08-04,28.3,19.1,23.7,1.6,17.0,20.15,5.06,38.833,21.21,18.73,16.0,0.078,0.0884,0.0779
field_04,2025-08-05,28.3,20.1,23.8,0.4,19.0,20.77,5.61,38.958,21.34,17.29,15.69,0.0776,0.0787,0.0808
field_04,2025-08-06,29.1,18.3,23.2,0.0,13.0,24.67,5.62,34.292,21.67,18.69,15.06,0.0826,0.0764,0.0787
field_04,2025-08-07,31.0,19.9,25.1,0.0,15.0,21.65,5.58,31.375,21.26,16.65,15.4,0.0786,0.0782,0.079
field_04,2025-08-08,31.7,22.2,26.4,0.0,17.3,21.58,6.41,28.958,21.88,17.32,15.1,0.0743,0.082,0.0795
field_04,2025-08-09,34.2,21.0,27.7,0.0,21.1,24.54,7.12,25.208,23.43,17.0,15.93,0.0805,0.077,0.0756
field_04,2025-08-10,34.4,24.6,29.3,0.0,20.9,24.27,8.22,21.375,24.6,17.53,16.09,0.0778,0.081,0.0804
field_04,2025-08-11,32.0,22.7,27.3,0.0,13.7,23.9,6.48,30.792,26.16,17.59,16.03,0.0799,0.086,0.0797
field_04,2025-08-12,35.2,23.4,29.4,0.0,22.3,21.97,7.0,29.042,24.21,18.06,15.08,0.0784,0.0795,0.076
field_04,2025-08-13,31.9,21.9,27.2,0.0,15.3,23.7,6.71,27.125,26.43,19.21,15.08,0.0802,0.0801,0.0828
field_04,2025-08-14,32.0,23.4,27.5,0.0,17.7,20.34,6.38,30.042,24.05,19.51,14.73,0.0802,0.0843,0.0802
field_04,2025-08-15,28.2,20.8,24.9,0.0,17.5,20.1,5.84,33.125,24.35,20.22,13.77,0.077,0.0827,0.0766
field_04,2025-08-16,31.6,18.6,25.2,0.0,21.6,22.72,5.97,32.333,22.67,19.69,14.06,0.0796,0.0733,0.0786
field_04,2025-08-17,28.0,18.3,23.5,1.7,22.7,18.81,4.81,40.667,22.71,20.55,13.17,0.082,0.0773,0.0815
field_04,2025-08-18,25.6,18.5,21.2,1.0,23.6,13.32,3.87,43.875,21.04,19.21,13.34,0.0787,0.0765,0.0774
field_04,2025-08-19,26.3,16.7,21.4,0.0,10.6,22.31,4.82,37.792,19.47,19.84,13.45,0.0773,0.0819,0.077
field_04,2025-08-20,29.2,17.7,23.1,0.0,15.5,22.86,5.34,34.958,19.34,18.45,13.7,0.0797,0.0765,0.0814
field_04,2025-08-21,29.7,19.1,25.2,1.4,22.0,20.04,6.49,26.25,21.17,18.24,12.92,0.078,0.0815,0.0847
field_04,2025-08-22,31.4,18.6,24.9,0.0,14.4,22.01,5.77,24.917,22.36,16.8,14.07,0.0816,0.0747,0.0823
field_04,2025-08-23,30.7,20.0,24.7,0.5,25.0,21.04,5.82,27.958,22.73,16.39,14.64,0.0787,0.0854,0.0836
field_04,2025-08-24,26.7,18.6,22.6,0.0,18.3,18.58,5.6,35.417,22.01,16.19,14.93,0.0856,0.0823,0.0822
field_04,2025-08-25,28.2,18.2,23.0,0.0,11.0,22.73,5.65,31.458,20.33,17.36,15.46,0.078,0.0839,0.0778
field_04,2025-08-26,29.8,18.8,23.8,0.0,12.6,22.56,5.51,31.042,20.54,17.71,15.22,0.0836,0.0765,0.0823
field_04,2025-08-27,29.3,20.2,24.4,0.0,10.6,22.51,5.84,30.375,21.32,18.3,15.76,0.0836,0.0802,0.0804
field_04,2025-08-28,29.9,20.0,24.5,0.0,12.4,22.45,5.61,29.458,21.85,18.26,14.12,0.0757,0.0807,0.087
field_04,2025-08-29,31.2,21.3,25.7,0.0,12.2,22.36,6.08,27.167,22.06,17.06,14.43,0.0784,0.0794,0.0813
field_04,2025-08-30,33.6,21.7,27.3,0.0,32.2,22.06,7.89,21.333,23.03,16.72,13.94,0.0803,0.0846,0.0789
field_04,2025-08-31,23.0,14.0,18.9,0.0,28.5,21.34,6.0,28.292,24.81,17.67,14.61,0.0829,0.0805,0.073
field_04,2025-09-01,24.3,12.8,18.2,0.0,12.0,21.9,4.59,26.833,16.79,18.12,13.51,0.0761,0.0781,0.0752
field_04,2025-09-02,25.9,14.7,20.0,0.0,19.8,21.63,5.49,31.958,16.53,17.89,12.85,0.0787,0.0823,0.0817
field_04,2025-09-03,21.8,12.3,16.9,1.6,17.0,21.06,4.9,39.5,17.9,18.71,12.87,0.0789,0.0734,0.0802
field_04,2025-09-04,25.3,12.5,19.1,0.0,21.7,21.63,4.94,27.417,15.89,19.6,13.16,0.0785,0.0787,0.0756
field_04,2025-09-05,28.3,15.7,21.7,0.0,9.8,21.32,4.76,26.208,17.42,14.39,14.35,0.0812,0.08,0.078
field_04,2025-09-06,31.1,20.2,24.7,0.0,11.7,19.39,5.03,22.625,19.48,14.21,13.5,0.0848,0.0872,0.0779
field_04,2025-09-07,32.8,20.0,26.0,0.0,14.5,19.65,5.9,20.833,22.17,15.48,13.46,0.0774,0.078,0.0832
field_04,2025-09-08,29.3,17.9,24.2,0.6,25.9,19.36,5.76,31.125,23.5,13.36,12.41,0.0801,0.0808,0.0841
field_04,2025-09-09,25.3,17.6,21.4,0.0,12.7,16.69,4.17,39.458,21.27,14.76,13.51,0.081,0.0745,0.0872
field_04,2025-09-10,25.4,16.5,20.9,0.0,16.0,18.31,4.22,40.833,19.11,16.17,13.28,0.0712,0.0766,0.0874
field_04,2025-09-11,24.3,16.3,19.8,0.0,13.1,17.07,3.86,40.875,19.05,18.04,13.3,0.0819,0.0825,0.0784
field_04,2025-09-12,25.5,15.1,20.5,0.0,14.9,19.62,4.06,38.042,18.09,18.7,13.81,0.0807,0.081,0.0829
field_04,2025-09-13,26.2,14.7,20.5,1.3,23.4,19.13,4.65,39.542,18.37,18.25,14.15,0.0764,0.0834,0.0813
field_04,2025-09-14,22.0,13.9,17.5,0.0,15.2,19.07,4.34,44.375,18.31,16.26,14.83,0.0857,0.0831,0.0787
field_04,2025-09-15,24.6,13.3,18.3,0.0,12.1,18.96,3.71,41.292,16.55,15.68,11.6,0.0824,0.0802,0.0838
field_04,2025-09-16,23.0,14.6,17.6,16.1,18.5,12.95,2.89,55.583,16.87,14.92,11.49,0.1756,0.0964,0.0989
field_04,2025-09-17,19.9,13.1,16.5,0.1,9.3,15.84,2.9,62.583,16.3,15.3,12.44,0.1574,0.0889,0.0986
field_04,2025-09-18,16.3,12.4,14.0,5.2,14.8,9.98,1.82,72.333,15.44,15.63,11.01,0.1804,0.0953,0.0998
field_04,2025-09-19,20.0,11.4,15.2,0.0,14.4,16.93,3.19,52.667,13.09,13.1,12.16,0.1554,0.0863,0.0919
field_04,2025-09-20,19.9,11.2,14.6,0.5,13.6,17.5,3.24,49.917,13.71,14.43,12.57,0.1398,0.0839,0.0889
field_04,2025-09-21,20.8,10.8,15.4,0.0,16.9,18.54,3.66,45.333,13.59,13.39,13.71,0.1113,0.0807,0.0866
field_04,2025-09-22,24.6,12.4,18.6,0.0,24.9,15.01,4.21,33.125,14.6,13.23,14.79,0.084,0.0806,0.081
field_04,2025-09-23,18.5,11.1,14.9,21.1,28.3,6.96,2.36,63.708,16.51,10.94,13.66,0.2187,0.1126,0.0982
field_04,2025-09-24,17.1,9.2,12.9,17.8,30.9,15.72,3.03,59.375,13.9,12.06,12.96,0.3219,0.1367,0.1128
field_04,2025-09-25,20.1,8.4,14.1,0.0,30.7,17.74,3.5,49.583,11.44,12.01,12.73,0.2928,0.1238,0.1062
field_04,2025-09-26,24.5,13.3,18.1,0.0,19.1,14.99,3.82,34.375,13.23,12.46,12.03,0.26,0.1153,0.1007
field_04,2025-09-27,24.0,14.2,18.8,0.0,11.9,16.21,3.58,41.167,15.97,13.9,12.14,0.2289,0.106,0.0927
field_04,2025-09-28,24.5,14.5,18.9,0.0,7.7,16.87,3.52,38.125,17.46,12.33,12.47,0.1981,0.0978,0.0879
field_04,2025-09-29,25.0,15.2,19.6,0.0,25.0,16.01,3.68,39.583,16.68,11.34,11.5,0.1681,0.0903,0.086
field_04,2025-09-30,20.8,12.5,16.5,0.0,17.5,14.59,2.92,51.375,17.26,11.5,11.74,0.147,0.0843,0.0853
field_05,2025-05-01,20.7,12.9,16.6,0.1,18.0,22.72,4.49,50.375,15.35,13.17,10.57,0.2655,0.3119,0.3411
field_05,2025-05-02,19.8,9.7,14.9,3.8,21.8,18.75,3.41,70.458,15.63,13.46,11.86,0.2652,0.3024,0.3386
field_05,2025-05-03,20.2,9.3,14.9,0.1,10.4,24.81,4.41,50.542,13.4,13.24,10.98,0.2299,0.2921,0.3329
field_05,2025-05-04,24.8,7.3,17.1,0.0,12.8,25.57,5.18,40.417,13.92,13.81,10.99,0.1919,0.2777,0.3279
field_05,2025-05-05,25.9,13.2,20.4,0.0,27.4,24.51,6.03,31.375,15.91,12.98,11.66,0.1476,0.2594,0.3202
field_05,2025-05-06,24.7,12.4,19.3,0.0,19.8,25.86,6.1,29.5,18.73,12.95,10.4,0.105,0.2385,0.3124
field_05,2025-05-07,29.8,9.0,21.3,0.0,14.4,26.29,6.66,25.042,17.22,12.05,11.01,0.0829,0.2256,0.3041
field_05,2025-05-08,31.8,13.1,23.9,0.0,16.7,25.33,6.43,21.708,19.16,11.46,11.32,0.0794,0.2102,0.2927
field_05,2025-05-09,27.5,15.2,21.3,0.5,24.8,20.34,6.23,37.125,21.55,13.34,11.26,0.0774,0.1915,0.2902
field_05,2025-05-10,22.1,13.4,17.9,2.9,18.4,18.49,4.2,54.333,19.59,15.44,10.89,0.0777,0.1882,0.2861
field_05,2025-05-11,19.9,12.4,15.3,2.4,23.1,17.88,3.59,62.833,16.58,14.53,11.19,0.0804,0.1805,0.2844
field_05,2025-05-12,21.2,11.3,16.6,0.9,12.6,24.08,4.46,51.083,14.39,16.28,11.07,0.0752,0.1712,0.2837
field_05,2025-05-13,28.0,9.7,20.1,0.0,18.5,25.8,6.4,31.875,15.35,17.49,11.11,0.0772,0.1548,0.2768
field_05,2025-05-14,29.5,12.8,22.6,0.0,14.9,23.41,5.99,26.375,18.43,15.99,10.84,0.0819,0.1412,0.2718
field_05,2025-05-15,30.1,14.9,24.1,0.0,15.9,25.32,6.38,25.0,20.49,14.19,10.76,0.0757,0.118,0.2682
field_05,2025-05-16,33.5,14.0,25.3,0.0,24.5,26.63,7.12,22.042,21.56,12.41,10.63,0.0853,0.0968,0.2528
field_05,2025-05-17,35.6,16.8,26.7,0.0,23.3,25.29,7.65,17.0,22.73,13.01,10.22,0.08,0.0799,0.2388
field_05,2025-05-18,24.8,12.8,19.1,12.9,29.1,19.58,5.06,48.917,24.23,15.43,10.36,0.1392,0.0913,0.2457
field_05,2025-05-19,16.1,9.0,12.8,3.3,25.4,21.05,3.73,61.667,17.97,17.22,11.68,0.1379,0.0847,0.2356
field_05,2025-05-20,19.1,8.0,13.9,0.0,9.6,26.85,4.58,50.333,11.92,17.82,12.43,0.1073,0.0814,0.234
field_05,2025-05-21,24.3,7.9,17.4,0.0,12.4,26.44,5.52,39.917,12.9,18.51,12.6,0.0807,0.0783,0.2258
field_05,2025-05-22,30.2,9.8,21.4,0.1,16.9,25.6,6.53,32.583,15.74,19.44,13.01,0.0789,0.081,0.2158
field_05,2025-05-23,29.9,14.7,22.2,1.7,26.6,17.41,5.2,36.083,19.95,15.47,14.2,0.0836,0.0809,0.2118
field_05,2025-05-24,20.7,11.5,16.2,2.2,18.9,23.4,4.47,57.625,19.89,10.41,13.21,0.0805,0.0771,0.2118
field_05,2025-05-25,25.6,10.6,18.6,0.0,11.7,26.31,5.1,54.917,14.92,11.04,11.55,0.0848,0.0769,0.2076
field_05,2025-05-26,18.4,12.8,16.4,5.5,29.7,16.07,3.74,55.292,16.29,14.19,10.88,0.0939,0.0771,0.2069
field_05,2025-05-27,16.8,9.5,14.1,0.0,22.6,25.79,4.73,46.875,14.92,16.3,11.12,0.0852,0.0819,0.2065
field_05,2025-05-28,19.7,8.4,14.6,0.0,18.2,26.84,5.01,49.875,13.74,17.02,12.22,0.0788,0.0773,0.1998
field_05,2025-05-29,22.5,10.7,17.0,0.0,9.1,27.4,5.19,38.208,13.84,13.01,12.94,0.08,0.0811,0.192
field_05,2025-05-30,21.7,10.8,17.4,0.0,24.1,25.6,5.75,39.042,15.88,14.76,13.6,0.0796,0.0788,0.1838
field_05,2025-05-31,20.3,13.7,16.7,0.0,16.5,12.41,3.95,30.417,15.81,13.32,14.28,0.076,0.0804,0.1789
field_05,2025-06-01,20.0,12.9,16.0,2.0,23.4,19.96,4.44,44.625,15.26,11.75,14.53,0.082,0.0784,0.1779
field_05,2025-06-02,23.3,11.9,17.3,0.2,15.3,17.03,4.08,48.208,14.89,12.32,11.47,0.0864,0.0813,0.1688
field_05,2025-06-03,25.4,13.5,19.7,0.0,15.3,21.7,5.33,35.667,15.76,13.39,9.34,0.0759,0.0781,0.1626
field_05,2025-06-04,27.1,13.2,20.6,0.0,17.0,21.78,5.67,37.833,18.18,13.12,9.99,0.079,0.0765,0.1564
field_05,2025-06-05,29.2,14.3,22.8,0.0,18.5,25.56,6.27,29.958,19.0,13.3,11.49,0.0796,0.0828,0.1546
field_05,2025-06-06,32.2,14.9,24.9,0.0,17.8,26.36,6.86,25.875,20.64,13.02,12.3,0.079,0.0789,0.1438
field_05,2025-06-07,28.2,16.8,23.2,0.0,25.4,26.75,7.84,32.833,22.33,13.41,13.24,0.0783,0.0802,0.135
field_05,2025-06-08,25.0,15.6,19.5,7.2,18.7,17.06,4.07,63.167,20.96,15.49,11.14,0.1034,0.0897,0.129
field_05,2025-06-09,29.2,13.7,22.4,0.0,17.2,25.28,5.66,56.875,17.64,15.16,11.67,0.0762,0.0796,0.1182
field_05,2025-06-10,28.5,17.6,22.7,2.3,19.3,16.01,4.66,50.25,20.47,17.17,10.93,0.0782,0.0799,0.1173
field_05,2025-06-11,27.7,14.9,22.3,0.3,12.2,24.75,5.51,51.542,20.74,18.42,9.85,0.0796,0.0762,0.1127
field_05,2025-06-12,29.0,17.3,23.7,0.1,11.5,24.9,5.86,41.417,20.14,17.34,10.6,0.0847,0.0772,0.1085
field_05,2025-06-13,25.2,17.8,20.8,0.2,15.9,14.32,3.66,52.833,21.36,15.4,11.18,0.0858,0.0832,0.1009
field_05,2025-06-14,22.3,15.9,18.9,2.6,10.4,8.64,2.06,75.417,18.63,16.15,10.83,0.0917,0.0828,0.1017
field_05,2025-06-15,27.7,14.7,21.8,0.0,12.1,21.46,4.9,49.083,17.53,16.65,11.12,0.0807,0.0836,0.0934
field_05,2025-06-16,28.8,14.9,23.0,0.0,18.5,25.0,6.24,40.333,19.08,16.86,11.16,0.0819,0.08,0.0906
field_05,2025-06-17,30.9,15.7,24.5,0.0,14.3,26.86,6.55,33.542,21.4,18.1,11.42,0.082,0.0836,0.0826
field_05,2025-06-18,32.5,16.2,25.7,0.0,18.4,26.51,7.0,27.125,21.39,14.95,12.4,0.0804,0.0793,0.0791
field_05,2025-06-19,35.3,18.2,27.9,0.0,16.5,27.88,7.7,22.042,22.58,15.04,12.29,0.0752,0.074,0.0821
field_05,2025-06-20,27.1,18.9,23.4,0.0,24.2,17.59,5.71,38.917,24.9,16.43,13.64,0.0758,0.0802,0.0803
field_05,2025-06-21,31.0,15.7,24.8,0.0,18.3,26.63,6.71,36.917,21.18,16.96,13.78,0.0831,0.0753,0.0801
field_05,2025-06-22,28.5,19.1,24.3,1.5,15.4,17.92,5.32,34.75,22.76,17.63,13.45,0.081,0.0768,0.0792
field_05,2025-06-23,28.2,18.1,23.9,0.6,17.4,23.26,5.61,38.75,22.21,18.82,12.32,0.0757,0.0812,0.0809
field_05,2025-06-24,30.5,16.9,24.7,0.0,14.5,26.27,6.22,35.042,21.45,19.98,13.2,0.0789,0.0797,0.0748
field_05,2025-06-25,33.2,17.3,26.2,0.0,26.5,24.88,7.49,31.5,21.85,17.58,13.14,0.0797,0.08,0.0795
field_05,2025-06-26,29.8,16.5,24.3,2.6,24.1,18.54,5.99,39.167,23.99,17.99,13.05,0.0795,0.0786,0.078
field_05,2025-06-27,24.9,16.9,21.2,0.0,20.3,25.5,5.94,40.333,21.71,17.48,13.34,0.0778,0.0779,0.0807
field_05,2025-06-28,29.0,13.6,22.7,0.0,16.0,27.63,6.37,37.042,19.34,17.55,13.08,0.0779,0.0785,0.0787
field_05,2025-06-29,30.8,18.1,25.1,0.0,18.4,27.23,7.37,27.333,20.59,18.49,11.98,0.0801,0.0838,0.0795
field_05,2025-06-30,28.6,18.0,23.9,0.0,17.8,27.23,7.16,27.958,22.48,18.92,13.03,0.0809,0.0813,0.0871
field_05,2025-07-01,29.5,17.5,24.3,0.0,20.7,26.68,7.2,26.292,21.89,17.83,13.8,0.0797,0.0768,0.0809
field_05,2025-07-02,29.5,18.1,24.3,0.0,23.7,27.92,7.46,23.333,21.58,15.94,13.54,0.0828,0.0801,0.0832
field_05,2025-07-03,31.4,19.2,25.6,0.0,16.4,28.23,7.36,20.208,22.25,16.59,14.08,0.0776,0.0819,0.0802
field_05,2025-07-04,31.5,21.2,26.4,0.0,21.1,28.1,7.51,20.833,22.65,18.12,14.4,0.0779,0.0831,0.076
field_05,2025-07-05,32.5,18.4,26.0,0.0,20.1,20.13,6.23,28.583,23.91,17.82,13.55,0.0788,0.086,0.0795
field_05,2025-07-06,29.3,17.3,24.3,1.1,24.6,27.67,7.34,33.875,23.5,18.09,13.9,0.0801,0.0763,0.0789
field_05,2025-07-07,27.2,18.5,23.2,0.9,19.5,16.98,5.26,25.792,21.65,17.98,13.7,0.0783,0.0827,0.0809
field_05,2025-07-08,30.3,18.6,25.0,0.0,20.7,26.79,7.19,22.083,20.99,18.2,13.94,0.0859,0.0807,0.0795
field_05,2025-07-09,29.6,18.1,24.2,0.0,22.2,17.89,5.5,27.375,21.96,19.02,13.74,0.0752,0.0769,0.0798
field_05,2025-07-10,25.7,14.2,19.5,1.7,25.7,17.36,4.48,50.5,21.49,18.7,14.39,0.0772,0.076,0.0841
field_05,2025-07-11,24.3,14.5,19.4,0.1,18.8,23.22,5.26,44.75,17.35,17.84,13.87,0.0836,0.0803,0.0753
field_05,2025-07-12,27.4,13.3,21.4,0.0,15.3,27.12,5.84,34.958,17.53,17.12,13.03,0.0787,0.0812,0.0779
field_05,2025-07-13,31.6,14.8,24.6,0.0,15.9,27.26,6.71,26.417,19.1,18.48,12.67,0.0812,0.0814,0.0819
field_05,2025-07-14,31.9,17.3,25.0,1.6,20.0,19.99,5.95,33.75,22.52,17.47,13.22,0.0802,0.0762,0.0824
field_05,2025-07-15,32.6,17.0,25.6,0.6,20.1,22.37,6.51,40.083,21.74,15.07,13.15,0.0728,0.0837,0.0774
field_05,2025-07-16,30.3,20.3,25.7,0.0,11.3,15.43,4.59,34.5,22.99,14.83,13.62,0.0787,0.0836,0.0821
field_05,2025-07-17,32.9,18.8,26.6,0.0,17.6,25.05,6.65,33.625,22.91,15.97,13.57,0.0835,0.0805,0.0802
field_05,2025-07-18,34.4,18.6,27.3,0.0,16.3,26.69,7.16,28.542,24.06,18.21,13.86,0.0789,0.0755,0.0825
field_05,2025-07-19,34.8,19.4,28.4,0.0,17.5,24.82,7.53,26.833,24.39,18.04,14.77,0.0777,0.0793,0.0792
field_05,2025-07-20,34.6,20.9,28.6,0.0,19.0,24.55,7.06,33.167,24.95,18.89,14.36,0.0815,0.081,0.0819
field_05,2025-07-21,32.7,21.7,27.4,0.0,23.8,26.28,7.25,25.333,25.23,18.19,13.94,0.0796,0.0757,0.0843
field_05,2025-07-22,31.7,23.0,27.0,0.0,15.9,27.08,7.14,16.292,24.5,19.33,13.33,0.082,0.081,0.0803
field_05,2025-07-23,32.9,20.2,26.6,0.0,13.2,27.21,6.72,19.792,24.55,19.6,13.66,0.0845,0.0797,0.0873
field_05,2025-07-24,32.0,22.8,27.2,0.0,19.5,26.62,7.25,17.167,23.79,20.25,13.31,0.0836,0.0801,0.0814
field_05,2025-07-25,34.1,21.7,28.0,0.0,12.1,25.14,6.7,16.792,24.1,20.38,11.69,0.0787,0.0813,0.0809
field_05,2025-07-26,35.1,20.8,28.9,0.0,16.0,25.56,7.04,21.208,25.12,19.39,12.08,0.0746,0.0788,0.0765
field_05,2025-07-27,35.8,20.5,29.3,0.0,42.2,25.15,8.4,20.208,25.97,19.54,12.72,0.0797,0.0787,0.0815
field_05,2025-07-28,29.0,20.4,24.7,0.0,20.7,21.16,5.87,37.542,25.97,19.0,14.16,0.0785,0.086,0.0732
field_05,2025-07-29,30.1,19.1,25.0,0.3,14.0,21.9,5.49,37.125,22.06,19.23,14.33,0.0805,0.0806,0.0815
field_05,2025-07-30,26.7,19.5,23.2,0.7,26.4,20.13,5.37,40.292,22.28,20.36,14.17,0.0798,0.079,0.085
field_05,2025-07-31,26.4,15.8,20.6,0.5,27.2,19.87,4.77,51.417,20.8,21.09,14.06,0.0838,0.0804,0.078
field_05,2025-08-01,29.2,15.7,23.0,0.4,13.2,21.43,5.3,42.708,17.96,20.81,14.6,0.0798,0.0813,0.0894
field_05,2025-08-02,25.1,14.6,20.0,0.7,24.4,20.9,4.88,49.333,20.75,17.65,14.82,0.0836,0.0886,0.081
field_05,2025-08-03,26.8,14.4,21.0,0.0,22.0,23.32,5.59,46.708,18.19,18.23,15.26,0.0773,0.0826,0.0873
field_05,2025-08-04,26.5,14.9,21.1,0.5,21.2,20.55,5.08,46.542,19.21,17.25,15.74,0.0848,0.0796,0.0823
field_05,2025-08-05,25.5,16.7,21.3,0.1,21.0,21.0,5.09,41.458,18.95,15.23,14.96,0.0818,0.0761,0.0848
field_05,2025-08-06,26.9,14.6,21.0,0.0,16.3,24.56,5.54,35.875,19.12,17.86,15.31,0.0795,0.0765,0.0847
field_05,2025-08-07,29.1,14.5,22.6,0.0,16.1,22.07,5.63,38.5,19.08,14.97,14.77,0.0806,0.0804,0.0799
field_05,2025-08-08,28.9,18.4,23.3,0.0,16.8,20.65,5.38,34.625,20.55,15.81,14.95,0.0773,0.0743,0.0821
field_05,2025-08-09,31.6,14.9,24.5,0.0,19.2,24.31,6.48,30.458,20.72,15.66,14.94,0.0801,0.0803,0.0815
field_05,2025-08-10,32.0,19.3,26.6,0.0,22.4,24.15,7.47,23.042,21.59,16.28,15.4,0.0802,0.0815,0.0852
field_05,2025-08-11,30.1,20.0,25.1,0.0,19.9,23.98,6.49,30.958,23.99,16.05,15.59,0.0804,0.0781,0.0785
field_05,2025-08-12,32.9,19.4,26.8,0.0,20.6,22.59,6.9,29.625,22.49,16.46,13.62,0.0815,0.0795,0.0774
field_05,2025-08-13,30.7,20.0,25.5,0.0,18.0,23.72,6.41,26.875,24.85,17.51,14.1,0.0799,0.0797,0.0785
field_05,2025-08-14,29.3,18.9,24.3,0.0,19.8,20.77,6.04,37.625,22.86,18.24,12.67,0.0794,0.0822,0.0797
field_05,2025-08-15,25.9,16.7,21.6,1.1,20.4,20.11,5.34,45.708,21.45,19.41,12.73,0.0775,0.0832,0.0784
field_05,2025-08-16,29.1,13.4,21.8,0.3,14.1,22.23,5.05,46.292,19.38,18.02,13.34,0.0796,0.081,0.081
field_05,2025-08-17,24.2,15.2,19.4,5.7,22.4,15.67,4.05,56.792,19.92,19.44,12.07,0.0936,0.0799,0.0783
field_05,2025-08-18,22.1,13.8,17.6,1.1,15.4,12.5,3.07,55.25,17.53,17.97,12.81,0.0804,0.0778,0.0757
field_05,2025-08-19,24.4,11.3,18.4,0.0,12.8,22.18,4.62,48.0,15.99,17.96,12.73,0.078,0.0788,0.0804
field_05,2025-08-20,26.9,11.2,20.1,0.0,13.1,22.49,5.01,43.958,17.55,15.98,13.58,0.085,0.0779,0.0837
field_05,2025-08-21,26.6,15.4,21.0,1.2,16.3,20.39,5.2,40.958,18.99,16.42,12.58,0.0794,0.0811,0.0784
field_05,2025-08-22,28.8,13.6,22.1,0.0,15.0,21.92,5.56,30.583,19.19,14.83,12.92,0.0797,0.0795,0.0815
field_05,2025-08-23,28.3,16.2,22.0,1.9,24.3,20.8,5.47,33.333,19.9,13.5,13.49,0.0809,0.0807,0.0817
field_05,2025-08-24,24.1,15.0,19.6,0.0,22.3,18.37,4.94,42.167,20.07,14.23,14.39,0.0792,0.0769,0.0829
field_05,2025-08-25,25.8,13.9,20.0,0.0,14.2,22.68,5.18,36.75,18.05,15.18,15.09,0.076,0.0805,0.076
field_05,2025-08-26,27.5,12.5,20.6,0.0,14.6,22.54,5.08,38.125,18.63,15.56,14.02,0.0803,0.0862,0.0772
field_05,2025-08-27,27.4,17.8,22.1,0.0,11.4,22.41,5.04,31.5,18.98,16.61,14.5,0.0857,0.0865,0.0801
field_05,2025-08-28,28.1,14.4,21.7,0.0,14.7,22.42,5.17,33.083,19.81,16.36,13.7,0.0792,0.0806,0.0775
field_05,2025-08-29,29.0,17.7,22.9,0.0,14.3,22.28,5.33,27.417,19.71,14.83,13.72,0.0859,0.0834,0.0779
field_05,2025-08-30,30.5,16.3,24.2,0.0,25.9,21.94,6.8,24.458,20.4,15.25,12.89,0.0789,0.0794,0.0811
field_05,2025-08-31,20.5,11.3,16.1,0.0,31.2,21.39,5.81,29.333,21.51,15.84,12.94,0.0794,0.0767,0.0842
field_05,2025-09-01,22.0,7.1,15.4,0.0,13.9,21.83,4.29,34.125,15.35,15.89,12.19,0.0825,0.0807,0.0777
field_05,2025-09-02,23.2,10.4,17.0,0.0,22.1,21.71,5.15,36.833,14.25,16.29,11.24,0.0802,0.0763,0.0806
field_05,2025-09-03,19.3,10.7,14.7,2.7,23.9,21.41,4.9,36.417,14.82,17.11,11.22,0.0752,0.077,0.082
field_05,2025-09-04,24.0,7.4,16.2,0.0,15.8,21.55,4.56,36.583,13.57,18.19,12.21,0.0794,0.0766,0.0836
field_05,2025-09-05,25.9,9.2,18.5,0.0,12.5,21.32,4.85,33.917,14.48,13.1,12.62,0.0828,0.0816,0.083
field_05,2025-09-06,28.0,16.1,21.7,0.0,14.9,19.48,4.65,26.375,16.52,12.29,12.8,0.0864,0.08,0.0799
field_05,2025-09-07,29.9,13.1,22.1,0.0,16.6,18.79,5.4,31.333,19.95,13.39,12.66,0.0821,0.0779,0.0779
field_05,2025-09-08,26.3,14.1,20.9,2.2,25.6,17.68,4.66,38.167,19.8,12.27,12.04,0.086,0.0784,0.0807
field_05,2025-09-09,22.2,13.1,17.6,0.0,13.4,17.88,3.81,52.458,19.02,13.05,12.26,0.0799,0.0826,0.0803
field_05,2025-09-10,21.6,12.9,17.4,0.0,13.3,18.45,3.49,55.458,16.66,14.34,12.77,0.0819,0.0828,0.0796
field_05,2025-09-11,21.2,12.4,16.6,0.0,13.9,18.28,3.5,51.333,16.35,16.4,13.07,0.0836,0.0796,0.0828
field_05,2025-09-12,23.4,9.8,17.0,0.0,12.4,19.33,3.71,53.417,15.39,15.91,12.87,0.075,0.0838,0.0816
field_05,2025-09-13,23.3,11.8,17.2,1.7,24.0,19.11,4.41,50.25,15.96,15.97,12.77,0.0805,0.0801,0.0772
field_05,2025-09-14,19.2,11.0,14.8,0.0,19.5,19.03,3.95,45.167,15.56,13.53,13.71,0.0816,0.0804,0.0826
field_05,2025-09-15,22.3,9.8,15.7,0.1,11.4,18.81,3.57,47.083,13.66,13.93,10.62,0.0763,0.0756,0.0823
field_05,2025-09-16,21.2,10.5,14.7,15.3,20.1,13.76,2.8,63.25,15.0,13.48,10.91,0.1706,0.0988,0.0937
field_05,2025-09-17,18.2,10.7,14.1,2.0,10.5,14.08,2.44,73.417,13.87,12.96,11.22,0.1596,0.0979,0.0919
field_05,2025-09-18,12.4,9.9,11.1,9.3,12.0,5.48,0.92,86.042,13.47,13.65,9.93,0.2117,0.1135,0.097
field_05,2025-09-19,16.9,7.7,11.9,0.0,18.1,15.78,2.74,67.875,10.46,12.38,11.02,0.1897,0.1031,0.0966
field_05,2025-09-20,16.9,5.0,11.0,0.0,15.7,17.51,2.93,64.5,11.32,12.55,11.59,0.1696,0.0967,0.0913
field_05,2025-09-21,19.3,4.4,12.1,0.0,11.8,18.49,3.22,61.625,10.82,12.14,12.93,0.1444,0.089,0.0915
field_05,2025-09-22,22.6,7.7,15.5,0.0,21.8,14.97,3.2,46.625,11.19,11.72,12.69,0.1213,0.0774,0.0868
field_05,2025-09-23,15.7,8.8,11.9,18.9,26.0,6.34,1.66,72.417,14.28,9.73,13.27,0.2383,0.1114,0.1027
field_05,2025-09-24,13.7,5.7,9.5,10.8,19.7,15.66,2.47,67.292,11.47,10.07,11.84,0.2903,0.1293,0.1093
field_05,2025-09-25,18.1,4.6,11.0,0.0,19.3,17.78,3.37,55.208,9.22,10.16,11.79,0.2576,0.116,0.1014
field_05,2025-09-26,20.3,5.9,13.9,0.0,19.1,15.33,3.46,47.333,10.42,10.51,10.69,0.238,0.1075,0.0987
field_05,2025-09-27,21.3,10.0,15.1,0.3,14.8,16.1,3.3,57.333,12.9,12.51,11.0,0.2156,0.1034,0.096
field_05,2025-09-28,22.3,8.6,15.4,0.0,13.5,16.71,3.43,49.833,14.16,11.19,11.16,0.1877,0.0874,0.0935
field_05,2025-09-29,21.8,10.0,16.0,0.0,15.0,15.5,3.12,51.0,14.41,8.95,10.5,0.1629,0.08,0.086
field_05,2025-09-30,18.7,9.9,14.0,3.8,22.2,14.85,2.83,59.292,14.45,9.74,11.29,0.1653,0.0798,0.0858
